TractNum,Location,Total Unsheltered,Total Sheltered,Total Population
101110,Sunland-Tujunga NC,12.614,0,12.614
101122,Sunland-Tujunga NC,1,0,1
101210,Sunland-Tujunga NC,14.517,0,14.517
101220,Sunland-Tujunga NC,24.058,0,24.058
101300,Sunland-Tujunga NC,9.278,0,9.278
101400,Sunland-Tujunga NC,17.615,0,17.615
102103,Sun Valley Area NC,0,0,0
102104,Sun Valley Area NC,1.425,0,1.425
102105,Sun Valley Area NC,23.717,0,23.717
102107,Foothill Trails District NC,6.508,0,6.508
103101,Sunland-Tujunga NC,26.872,0,26.872
103102,Sunland-Tujunga NC,26.368,0,26.368
103200,Foothill Trails District NC,32.609,0,32.609
103300,Foothill Trails District NC,5.413,0,5.413
103400,Sunland-Tujunga NC,26.382,0,26.382
104103,Foothill Trails District NC,8.202,0,8.202
104105,Pacoima NC,4.847,0,4.847
104108,Pacoima NC,1.425,0,1.425
104124,Kagel Canyon,11.813,6,17.813
104201,Pacoima NC,6.082,0,6.082
104203,Pacoima NC,15.034,0,15.034
104204,Foothill Trails District NC,26.17,0,26.17
104310,Pacoima NC,78.159,0,78.159
104320,Pacoima NC,3.388,123,126.39
104401,Pacoima NC,18.56,0,18.56
104403,Pacoima NC,14.474,0,14.474
104404,Pacoima NC,6.976,0,6.976
104500,Pacoima NC,12.882,0,12.882
104610,Pacoima NC,10.462,57,67.462
104620,Pacoima NC,6.891,0,6.891
104701,Pacoima NC,16.778,0,16.778
104703,Pacoima NC,91.676,0,91.676
104704,Pacoima NC,6.776,16,22.776
104810,Pacoima NC,17.693,0,17.693
104821,Pacoima NC,9.731,0,9.731
104822,Pacoima NC,19.058,0,19.058
106010,Sylmar NC,12.248,0,12.248
106020,Sylmar NC,40.104,0,40.104
106111,Sylmar NC,21.628,0,21.628
106112,Sylmar NC,15.98,0,15.98
106113,Sylmar NC,4.576,0,4.576
106114,Sylmar NC,12.519,0,12.519
106403,Sylmar NC,13.823,0,13.823
106405,Sylmar NC,2,0,2
106406,Sylmar NC,15.546,0,15.546
106407,Sylmar NC,5.047,0,5.047
106408,Sylmar NC,16.617,0,16.617
106510,Sylmar NC,50.326,0,50.326
106520,Sylmar NC,35.458,0,35.458
106603,Granada Hills North NC,0,0,0
106604,Sylmar NC,23.519,0,23.519
106641,Granada Hills North NC,0,0,0
106642,Granada Hills North NC,0,0,0
106643,Granada Hills North NC,0,0,0
106645,Granada Hills North NC,3.949,0,3.949
106646,Granada Hills North NC,1.425,0,1.425
106648,Sylmar NC,2,0,2
106649,Sylmar NC,5.047,0,5.047
107010,Sylmar NC,4.964,0,4.964
107020,Sylmar NC,4.964,0,4.964
108101,Porter Ranch NC,0,0,0
108102,Porter Ranch NC,0,0,0
108103,Porter Ranch NC,0,0,0
108104,Porter Ranch NC,138.72,0,138.72
108201,Porter Ranch NC,0,0,0
108202,Porter Ranch NC,0,0,0
109100,Mission Hills NC,22.791,28,50.791
109200,Granada Hills North NC,11.203,0,11.203
109300,Granada Hills North NC,17.397,0,17.397
109400,Mission Hills NC,8.694,0,8.694
109500,Mission Hills NC,1.694,0,1.694
109601,Mission Hills NC,31.811,0,31.811
109603,Mission Hills NC,22.023,0,22.023
109604,Mission Hills NC,5.388,0,5.388
109700,Granada Hills South NC,4.388,0,4.388
109800,North Hills West NC,0,0,0
111100,Granada Hills South NC,0,0,0
111201,Granada Hills South NC,4.119,0,4.119
111202,Granada Hills South NC,4.912,0,4.912
111204,Northridge West NC,0,0,0
111205,Northridge East NC,6.696,0,6.696
111206,Northridge East NC,3.388,0,3.388
111301,Granada Hills South NC,7.508,0,7.508
111302,Northridge East NC,3,0,3
111400,Granada Hills South NC,12.295,0,12.295
113101,Chatsworth NC,0,0,0
113102,Chatsworth NC,4.576,0,4.576
113211,Chatsworth NC,1.425,0,1.425
113212,Chatsworth NC,4.388,0,4.388
113213,Chatsworth NC,8.964,0,8.964
113231,West Hills NC,1.694,0,1.694
113232,West Hills NC,9.66,0,9.66
113233,Canoga Park NC,67.22,0,67.22
113234,Canoga Park NC,16.672,0,16.672
113235,Chatsworth NC,0,0,0
113237,Chatsworth NC,28.683,0,28.683
113301,Northridge West NC,13.715,0,13.715
113303,Chatsworth NC,24.315,0,24.315
113321,Chatsworth NC,2,0,2
113322,Chatsworth NC,0,0,0
113401,Northridge South NC,23.775,0,23.775
113421,Winnetka NC,42.316,0,42.316
113422,Winnetka NC,8.504,0,8.504
115101,Northridge East NC,2.523,0,2.523
115103,Northridge East NC,6.423,0,6.423
115104,Northridge East NC,1.576,0,1.576
115201,Northridge East NC,1.694,0,1.694
115202,Northridge South NC,9.896,0,9.896
115301,Northridge West NC,8.659,0,8.659
115302,Northridge South NC,2,0,2
115401,Northridge South NC,0,0,0
115403,Northridge South NC,4.912,0,4.912
115404,Northridge South NC,12.897,0,12.897
117101,North Hills East NC,0,0,0
117102,North Hills East NC,5.082,0,5.082
117201,North Hills West NC,11.507,0,11.507
117202,North Hills West NC,11.311,0,11.311
117301,North Hills West NC,0,0,0
117302,Northridge East NC,0,0,0
117303,North Hills West NC,5.584,0,5.584
117404,North Hills West NC,22.796,0,22.796
117405,North Hills East NC,0,0,0
117407,North Hills East NC,5.774,0,5.774
117408,North Hills East NC,3.576,0,3.576
117510,North Hills East NC,0,0,0
117520,North Hills East NC,32.182,24,56.182
117530,North Hills East NC,17.625,0,17.625
119001,Arleta NC,22.505,0,22.505
119002,Arleta NC,12.951,0,12.951
119201,Arleta NC,12.523,0,12.523
119202,Arleta NC,16.296,0,16.296
119310,Panorama City NC,3.388,0,3.388
119320,Panorama City NC,1,0,1
119340,Panorama City NC,0,0,0
119341,Panorama City NC,0,0,0
119342,Panorama City NC,0,0,0
119400,Arleta NC,10.535,0,10.535
119700,Arleta NC,27.329,0,27.329
119800,Arleta NC,11.437,0,11.437
119900,Panorama City NC,4.57,0,4.57
120010,Panorama City NC,37.175,0,37.175
120020,Panorama City NC,9.036,0,9.036
120030,Panorama City NC,9.606,0,9.606
120103,Panorama City NC,1,0,1
120104,Panorama City NC,32.505,0,32.505
120105,Panorama City NC,4.741,0,4.741
120106,Panorama City NC,9.35,0,9.35
120107,Panorama City NC,13.019,0,13.019
120108,Panorama City NC,3,0,3
120300,Panorama City NC,44.8,0,44.8
120400,Panorama City NC,54.331,0,54.331
121010,Sun Valley Area NC,27.394,0,27.394
121020,North Hollywood Northeast NC,2,0,2
121101,Sun Valley Area NC,8.606,0,8.606
121102,Sun Valley Area NC,164.08,0,164.08
121210,Sun Valley Area NC,45.341,0,45.341
121221,Sun Valley Area NC,22.385,0,22.385
121222,Sun Valley Area NC,76.056,0,76.056
121600,North Hollywood West NC,31.894,0,31.894
121801,North Hollywood Northeast NC,7.743,0,7.743
121802,North Hollywood Northeast NC,46.337,206,252.34
121900,Sun Valley Area NC,47.107,202,249.11
122000,North Hollywood West NC,62.206,0,62.206
122120,Sun Valley Area NC,0,0,0
122121,Sun Valley Area NC,4.794,0,4.794
122122,Sun Valley Area NC,72.578,4,76.578
122200,Sun Valley Area NC,55.6,0,55.6
122410,North Hollywood Northeast NC,43.874,0,43.874
122420,North Hollywood Northeast NC,31.91,0,31.91
123010,Sun Valley Area NC,68.248,0,68.248
123020,Sun Valley Area NC,39.669,0,39.669
123103,Mid-Town North Hollywood NC,42.539,0,42.539
123104,Mid-Town North Hollywood NC,3.388,0,3.388
123203,North Hollywood Northeast NC,24.984,0,24.984
123204,North Hollywood Northeast NC,5.002,0,5.002
123205,North Hollywood Northeast NC,17.042,0,17.042
123206,Mid-Town North Hollywood NC,38.167,6,44.167
123301,North Hollywood Northeast NC,27.23,0,27.23
123303,North Hollywood West NC,23.303,0,23.303
123304,North Hollywood West NC,75.438,0,75.438
123410,North Hollywood West NC,6.047,0,6.047
123420,Greater Valley Glen NC,48.281,0,48.281
123510,Greater Valley Glen NC,6.912,0,6.912
123520,Greater Valley Glen NC,6.912,0,6.912
123601,Greater Valley Glen NC,26.717,0,26.717
123602,Greater Valley Glen NC,12.2,0,12.2
123700,Greater Valley Glen NC,8.121,0,8.121
123800,Greater Valley Glen NC,151.42,6,157.42
123901,Mid-Town North Hollywood NC,105.55,0,105.55
123902,Mid-Town North Hollywood NC,8.851,0,8.851
124000,Valley Village NC,1.576,0,1.576
124102,Mid-Town North Hollywood NC,13.668,0,13.668
124103,Mid-Town North Hollywood NC,6.388,0,6.388
124104,Mid-Town North Hollywood NC,13.878,0,13.878
124105,Mid-Town North Hollywood NC,33.858,0,33.858
124201,Mid-Town North Hollywood NC,1.425,0,1.425
124203,Mid-Town North Hollywood NC,5.545,0,5.545
124204,Mid-Town North Hollywood NC,8.388,0,8.388
124300,Mid-Town North Hollywood NC,54.815,0,54.815
124400,Greater Valley Glen NC,2.64,0,2.64
124500,Greater Valley Glen NC,1,0,1
124600,Sherman Oaks NC,1.523,0,1.523
124700,Sherman Oaks NC,9.243,0,9.243
124902,Valley Village NC,3.218,0,3.218
124903,Valley Village NC,1,0,1
125100,Valley Village NC,26.486,0,26.486
125200,Valley Village NC,127.39,0,127.39
125310,Mid-Town North Hollywood NC,35.385,0,35.385
125320,Mid-Town North Hollywood NC,18.091,0,18.091
125401,Mid-Town North Hollywood NC,9.047,0,9.047
125402,Mid-Town North Hollywood NC,20.566,0,20.566
125501,Mid-Town North Hollywood NC,9.919,0,9.919
125502,Mid-Town North Hollywood NC,4.621,0,4.621
125600,Greater Toluca Lake NC,1,0,1
127102,Van Nuys NC,13.767,22,35.767
127103,Van Nuys NC,10.672,0,10.672
127104,Van Nuys NC,3.915,0,3.915
127210,Van Nuys NC,40.809,0,40.809
127220,Van Nuys NC,9.924,0,9.924
127300,Van Nuys NC,23.217,0,23.217
127400,Lake Balboa NC,46.622,0,46.622
127520,North Hills East NC,21.885,0,21.885
127603,Lake Balboa NC,4.27,0,4.27
127604,Lake Balboa NC,18.519,0,18.519
127605,Lake Balboa NC,6.264,0,6.264
127606,Lake Balboa NC,4.523,0,4.523
127711,Van Nuys NC,37.474,0,37.474
127712,Van Nuys NC,8.264,0,8.264
127803,Van Nuys NC,4.851,0,4.851
127804,Van Nuys NC,3.119,0,3.119
127805,Van Nuys NC,43.249,0,43.249
127806,Van Nuys NC,37.855,0,37.855
127910,Van Nuys NC,19.917,0,19.917
127920,Van Nuys NC,15.936,0,15.936
128101,Greater Valley Glen NC,4.315,0,4.315
128102,Van Nuys NC,37.791,0,37.791
128210,Van Nuys NC,52.977,0,52.977
128220,Greater Valley Glen NC,12.117,0,12.117
128302,Van Nuys NC,26.752,0,26.752
128303,Van Nuys NC,9.196,0,9.196
128400,Van Nuys NC,107.28,0,107.28
128500,Sherman Oaks NC,17.172,0,17.172
128601,Van Nuys NC,94.222,0,94.222
128602,Sherman Oaks NC,6.696,0,6.696
128702,Sherman Oaks NC,8.774,0,8.774
128801,Sherman Oaks NC,3.218,0,3.218
128802,Sherman Oaks NC,0,0,0
128910,Sherman Oaks NC,10.132,0,10.132
131010,Reseda NC,1.425,0,1.425
131020,Reseda NC,15.317,0,15.317
131100,Lake Balboa NC,0,0,0
131200,Northridge South NC,0,0,0
131300,Reseda NC,6.425,0,6.425
131400,Reseda NC,10.372,0,10.372
131600,Reseda NC,7.508,0,7.508
131701,Reseda NC,0,0,0
131702,Reseda NC,1.694,0,1.694
131800,Reseda NC,9.794,0,9.794
131900,Lake Balboa NC,0,0,0
132001,Lake Balboa NC,0,0,0
132002,Lake Balboa NC,1.425,0,1.425
132101,Lake Balboa NC,3.694,0,3.694
132102,Lake Balboa NC,21.319,0,21.319
132300,Reseda NC,12.742,0,12.742
132501,Reseda NC,0,0,0
132502,Reseda NC,13.572,0,13.572
132700,Reseda NC,34.171,0,34.171
132900,Tarzana NC,23.548,0,23.548
133000,Reseda NC,17.475,0,17.475
133100,Tarzana NC,13.05,0,13.05
134001,Winnetka NC,19.068,0,19.068
134002,Winnetka NC,13.696,0,13.696
134101,Winnetka NC,2.694,0,2.694
134103,Winnetka NC,1.576,0,1.576
134104,Winnetka NC,3.949,0,3.949
134201,Canoga Park NC,19.8,0,19.8
134302,West Hills NC,0,0,0
134303,Canoga Park NC,10.607,0,10.607
134304,Canoga Park NC,0,0,0
134305,Canoga Park NC,5.816,0,5.816
134306,Canoga Park NC,11.517,0,11.517
134421,West Hills NC,0,0,0
134422,West Hills NC,2.694,0,2.694
134423,West Hills NC,0,0,0
134424,West Hills NC,0,0,0
134520,Canoga Park NC,42.814,0,42.814
134521,Canoga Park NC,13.813,0,13.813
134522,Canoga Park NC,2,0,2
134710,Winnetka NC,3.388,0,3.388
134720,Winnetka NC,12.653,0,12.653
134800,Winnetka NC,14.598,0,14.598
134901,Tarzana NC,25.171,0,25.171
134903,Woodland Hills-Warner Center NC,4.218,0,4.218
134904,Winnetka NC,4.413,0,4.413
134905,Woodland Hills-Warner Center NC,22.519,0,22.519
135102,West Hills NC,31.371,0,31.371
135111,Woodland Hills-Warner Center NC,0,0,0
135113,Woodland Hills-Warner Center NC,0,0,0
135114,Woodland Hills-Warner Center NC,5.27,0,5.27
135201,West Hills NC,13.015,0,13.015
135202,West Hills NC,3.425,0,3.425
135203,West Hills NC,4.964,0,4.964
137000,Woodland Hills-Warner Center NC,0,0,0
137103,Woodland Hills-Warner Center NC,5.719,0,5.719
137104,Woodland Hills-Warner Center NC,0,0,0
137201,Woodland Hills-Warner Center NC,24.742,0,24.742
137301,Woodland Hills-Warner Center NC,0,0,0
137302,Woodland Hills-Warner Center NC,1.694,0,1.694
137401,Woodland Hills-Warner Center NC,10.819,0,10.819
137402,Woodland Hills-Warner Center NC,1.523,0,1.523
137501,Woodland Hills-Warner Center NC,10.57,0,10.57
137502,Woodland Hills-Warner Center NC,7.085,0,7.085
137504,Woodland Hills-Warner Center NC,0,0,0
138000,Woodland Hills-Warner Center NC,2,0,2
139001,Encino NC,3.119,0,3.119
139200,Encino NC,0,0,0
139301,Tarzana NC,4.315,0,4.315
139302,Tarzana NC,10.448,0,10.448
139303,Tarzana NC,1.694,0,1.694
139401,Tarzana NC,9.696,0,9.696
139402,Tarzana NC,0,0,0
139502,Encino NC,3.119,0,3.119
139503,Encino NC,0,0,0
139504,Encino NC,11.264,0,11.264
139600,Encino NC,11.488,0,11.488
139701,Encino NC,5.119,0,5.119
139702,Encino NC,23.425,0,23.425
139703,Encino NC,2.89,0,2.89
139801,Tarzana NC,0,0,0
139802,Tarzana NC,0,0,0
141101,Sherman Oaks NC,0,0,0
141102,Sherman Oaks NC,2,0,2
141201,Sherman Oaks NC,33.714,0,33.714
141202,Sherman Oaks NC,2,0,2
141302,Sherman Oaks NC,4.851,0,4.851
141303,Sherman Oaks NC,3.047,0,3.047
141304,Sherman Oaks NC,7.719,0,7.719
141400,Encino NC,8.388,0,8.388
141500,Encino NC,1,0,1
141600,Sherman Oaks NC,0,0,0
141700,Sherman Oaks NC,0,0,0
143100,Greater Toluca Lake NC,7.741,0,7.741
143200,Studio City NC,26.807,0,26.807
143300,Studio City NC,15.904,0,15.904
143400,Studio City NC,9.311,0,9.311
143500,Studio City NC,6.57,0,6.57
143602,Studio City NC,7.107,0,7.107
143603,Studio City NC,8.085,0,8.085
143604,Studio City NC,19.689,0,19.689
143700,Hollywood Hills West NC,8,0,8
143800,Studio City NC,13.525,0,13.525
143901,Studio City NC,22.094,0,22.094
143902,Studio City NC,7,0,7
181000,Eagle Rock NC,34.051,10,44.051
181300,Eagle Rock NC,21.319,0,21.319
181400,Eagle Rock NC,12.72,0,12.72
181500,Eagle Rock NC,3.129,0,3.129
181600,Eagle Rock NC,5.36,0,5.36
183101,Historic Highland Park NC,25.396,0,25.396
183103,Historic Highland Park NC,13.052,0,13.052
183104,Historic Highland Park NC,0,0,0
183220,Historic Highland Park NC,0,0,0
183221,Historic Highland Park NC,1.427,0,1.427
183222,Historic Highland Park NC,0,0,0
183300,Historic Highland Park NC,23.32,0,23.32
183401,Historic Highland Park NC,1,0,1
183402,Eagle Rock NC,27.217,0,27.217
183510,Historic Highland Park NC,4.812,0,4.812
183520,Historic Highland Park NC,3.402,0,3.402
183610,Historic Highland Park NC,8.83,0,8.83
183620,Historic Highland Park NC,21.635,0,21.635
183701,Historic Highland Park NC,11.908,0,11.908
183702,Arroyo Seco NC,8.065,0,8.065
183810,Historic Highland Park NC,28.089,0,28.089
183820,Historic Highland Park NC,5.086,0,5.086
185100,Arroyo Seco NC,25.662,0,25.662
185202,Arroyo Seco NC,13.377,0,13.377
185203,Greater Cypress Park NC,9.788,0,9.788
185204,Greater Cypress Park NC,1.958,0,1.958
185310,Greater Cypress Park NC,1.701,0,1.701
185320,Greater Cypress Park NC,40.98,0,40.98
186100,Glassell Park NC,11.233,0,11.233
186201,Eagle Rock NC,14.023,0,14.023
186202,Arroyo Seco NC,5.915,0,5.915
186203,Arroyo Seco NC,0,0,0
186301,Glassell Park NC,2.758,0,2.758
186302,Glassell Park NC,13.831,0,13.831
186401,Glassell Park NC,44.432,0,44.432
186403,Glassell Park NC,14.874,0,14.874
186404,Glassell Park NC,12.735,0,12.735
187101,Atwater Village NC,14.812,0,14.812
187102,Atwater Village NC,29.3,0,29.3
187200,Elysian Valley Riverside NC,58.686,0,58.686
187300,Silver Lake NC,25.517,0,25.517
188100,Atwater Village NC,13.81,0,13.81
188201,Los Feliz NC,6.83,0,6.83
188202,Los Feliz NC,0,0,0
188300,Atwater Village NC,1.331,0,1.331
189101,Los Feliz NC,34.995,0,34.995
189102,Los Feliz NC,3,0,3
189201,Los Feliz NC,9.104,0,9.104
189202,Los Feliz NC,1.701,0,1.701
189300,Hollywood United NC,1.701,0,1.701
189400,Hollywood United NC,0,10,10
189500,Hollywood United NC,12.649,0,12.649
189600,Hollywood United NC,10.589,0,10.589
189701,Hollywood United NC,5.618,0,5.618
189702,Hollywood Hills West NC,6,0,6
189800,Hollywood Hills West NC,27.76,0,27.76
189902,Hollywood Hills West NC,28.55,0,28.55
189903,Hollywood Hills West NC,0,0,0
189904,Hollywood Hills West NC,12.148,0,12.148
189905,Hollywood Hills West NC,23.696,0,23.696
190100,Central Hollywood NC,77.429,0,77.429
190201,Hollywood Hills West NC,25.6,0,25.6
190202,Hollywood Hills West NC,36.294,0,36.294
190301,Hollywood United NC,82.118,22,104.12
190401,Los Feliz NC,0,0,0
190402,Los Feliz NC,13.044,0,13.044
190510,Hollywood Studio District NC,24.909,0,24.909
190520,East Hollywood NC,5.746,0,5.746
190700,Central Hollywood NC,102.15,47,149.15
190801,Central Hollywood NC,61.114,29,90.114
190802,Central Hollywood NC,67.359,0,67.359
190901,Hollywood Studio District NC,53.955,87,140.96
190902,Hollywood Studio District NC,21.056,0,21.056
191000,Hollywood Studio District NC,294.37,67,361.37
191110,East Hollywood NC,51.615,0,51.615
191120,East Hollywood NC,24.681,0,24.681
191201,East Hollywood NC,28.161,0,28.161
191203,East Hollywood NC,14.173,0,14.173
191204,East Hollywood NC,24.127,0,24.127
191301,East Hollywood NC,30.485,0,30.485
191302,East Hollywood NC,21.43,0,21.43
191410,East Hollywood NC,24.109,0,24.109
191420,East Hollywood NC,38.903,0,38.903
191500,East Hollywood NC,27.951,0,27.951
191610,Hollywood Studio District NC,11.411,0,11.411
191620,East Hollywood NC,14.277,0,14.277
191710,Hollywood Studio District NC,3.427,0,3.427
191720,Hollywood Studio District NC,26.25,0,26.25
191810,Central Hollywood NC,41.05,0,41.05
191820,Central Hollywood NC,53.247,0,53.247
191901,Central Hollywood NC,139.76,14,153.76
191902,Greater Wilshire NC,20.738,0,20.738
192001,Mid-City West NC,10.574,0,10.574
192002,Mid-City West NC,22.764,0,22.764
192300,Greater Wilshire NC,1,0,1
192410,Greater Wilshire NC,0,0,0
192420,Greater Wilshire NC,2.873,0,2.873
192510,Wilshire Center-Koreatown NC,30.583,0,30.583
192520,Wilshire Center-Koreatown NC,5.032,0,5.032
192610,Wilshire Center-Koreatown NC,25.184,0,25.184
192620,Wilshire Center-Koreatown NC,10.489,0,10.489
192700,East Hollywood NC,151.1,40,191.1
194101,Hollywood Hills West NC,0,0,0
194102,Hollywood Hills West NC,0,0,0
194200,Bel Air-Beverly Crest NC,0,0,0
194300,Bel Air-Beverly Crest NC,0,0,0
194401,Mid-City West NC,11.746,0,11.746
194402,Mid-City West NC,8.746,0,8.746
194500,Mid-City West NC,30.802,0,30.802
195100,Silver Lake NC,2.427,0,2.427
195201,Los Feliz NC,0,0,0
195202,Los Feliz NC,0,0,0
195300,Los Feliz NC,29.887,0,29.887
195400,Silver Lake NC,6.204,0,6.204
195500,Silver Lake NC,19.549,0,19.549
195600,Greater Echo Park Elysian NC,42.803,43,85.803
195710,Greater Echo Park Elysian NC,93.286,0,93.286
195720,Greater Echo Park Elysian NC,43.247,0,43.247
195802,Rampart Village NC,74.101,0,74.101
195803,Silver Lake NC,5.36,0,5.36
195804,Silver Lake NC,30.06,0,30.06
195901,Silver Lake NC,1,0,1
195902,Silver Lake NC,0,0,0
195903,Silver Lake NC,16.078,0,16.078
197200,Elysian Valley Riverside NC,3.855,0,3.855
197300,Greater Echo Park Elysian NC,1,0,1
197410,Greater Echo Park Elysian NC,10.616,0,10.616
197420,Greater Echo Park Elysian NC,12.137,0,12.137
197500,Greater Echo Park Elysian NC,108.05,21,129.05
197600,Greater Echo Park Elysian NC,53.598,0,53.598
197700,Historic Cultural NC,11.15,0,11.15
199000,Lincoln Heights NC,141.57,0,141.57
199110,LA-32 NC,1.958,0,1.958
199120,Lincoln Heights NC,26.42,0,26.42
199201,Lincoln Heights NC,26.42,0,26.42
199202,Lincoln Heights NC,5.258,0,5.258
199300,Arroyo Seco NC,21.016,0,21.016
199400,Arroyo Seco NC,25.291,0,25.291
199700,Lincoln Heights NC,33.892,0,33.892
199800,Lincoln Heights NC,27.229,0,27.229
199900,Lincoln Heights NC,28.44,0,28.44
201110,LA-32 NC,3.402,0,3.402
201120,LA-32 NC,6.746,0,6.746
201200,LA-32 NC,6.129,0,6.129
201301,LA-32 NC,21.576,0,21.576
201302,Arroyo Seco NC,1.958,0,1.958
201401,LA-32 NC,0,0,0
201402,LA-32 NC,16.363,0,16.363
201501,LA-32 NC,6.385,0,6.385
201503,LA-32 NC,4,0,4
201504,LA-32 NC,8.044,0,8.044
201601,LA-32 NC,3,0,3
201602,LA-32 NC,21.739,0,21.739
201700,California State University - Los Angeles,36.239,0,36.239
203100,California State University - Los Angeles,27.92,0,27.92
203200,Boyle Heights NC,12.616,0,12.616
203300,Lincoln Heights NC,37.516,23,60.516
203500,Boyle Heights NC,39.374,0,39.374
203600,Boyle Heights NC,14.575,26,40.575
203710,Boyle Heights NC,0,0,0
203720,Boyle Heights NC,2.427,0,2.427
203800,Boyle Heights NC,14.982,0,14.982
203900,Boyle Heights NC,32.484,0,32.484
204110,Boyle Heights NC,22.267,0,22.267
204120,Boyle Heights NC,0,0,0
204200,Boyle Heights NC,31,0,31
204300,Boyle Heights NC,5.873,0,5.873
204410,Boyle Heights NC,18.286,0,18.286
204420,Boyle Heights NC,20.396,79,99.396
204600,Boyle Heights NC,59.085,0,59.085
204700,Boyle Heights NC,23.764,0,23.764
204810,Boyle Heights NC,10.173,0,10.173
204820,Boyle Heights NC,3.659,0,3.659
204910,Boyle Heights NC,26.825,0,26.825
204920,Boyle Heights NC,104.31,0,104.31
205110,Boyle Heights NC,5.104,0,5.104
205120,Boyle Heights NC,61.289,0,61.289
206010,Historic Cultural NC,66.41,0,66.41
206020,Historic Cultural NC,141.21,0,141.21
206031,Downtown Los Angeles NC,258.32,0,258.32
206032,Boyle Heights NC,96.768,74,170.77
206050,Boyle Heights NC,206.29,0,206.29
206200,Skid Row,650.36,55,705.36
206300,Skid Row,1271.7,1908,3179.7
207101,Historic Cultural NC,37.683,0,37.683
207102,Historic Cultural NC,196.97,39,235.97
207103,Historic Cultural NC,6.104,0,6.104
207301,Skid Row,117.59,352,469.59
207302,Skid Row,76.373,0,76.373
207400,Downtown Los Angeles NC,183.7,0,183.7
207501,Downtown Los Angeles NC,23.197,0,23.197
207502,Downtown Los Angeles NC,34.535,0,34.535
207710,Downtown Los Angeles NC,211.68,97,308.68
207900,Downtown Los Angeles NC,99.456,0,99.456
208000,Greater Echo Park Elysian NC,53.742,0,53.742
208301,Westlake North NC,2.701,0,2.701
208302,Westlake North NC,15.823,112,127.82
208401,Greater Echo Park Elysian NC,8.694,0,8.694
208402,Greater Echo Park Elysian NC,68.081,0,68.081
208501,Greater Echo Park Elysian NC,42.949,0,42.949
208502,Greater Echo Park Elysian NC,8.447,0,8.447
208610,Rampart Village NC,19.974,97,116.97
208620,Rampart Village NC,21.358,0,21.358
208710,Rampart Village NC,10.648,0,10.648
208720,MacArthur Park NC,33.704,0,33.704
208801,MacArthur Park NC,77.216,0,77.216
208802,MacArthur Park NC,27.207,124,151.21
208902,Westlake South NC,34.158,0,34.158
208903,Westlake South NC,75.272,16,91.272
208904,Westlake North NC,11.703,0,11.703
209102,Westlake South NC,24.062,0,24.062
209103,Westlake North NC,0,0,0
209104,Westlake North NC,3.129,98,101.129
209200,Downtown Los Angeles NC,46.614,76,122.61
209300,Westlake South NC,77.085,0,77.085
209401,MacArthur Park NC,103.13,0,103.13
209402,Westlake South NC,53.9,0,53.9
209403,Westlake South NC,25.716,0,25.716
209510,MacArthur Park NC,98.365,0,98.365
209520,Westlake South NC,93.443,0,93.443
209810,Pico Union NC,4.3,0,4.3
209820,Pico Union NC,37.774,0,37.774
210010,Pico Union NC,90.902,0,90.902
211000,Greater Wilshire NC,9.331,27,36.331
211120,Rampart Village NC,90.237,7,97.237
211121,Rampart Village NC,140.1,0,140.1
211122,Rampart Village NC,123.47,0,123.47
211201,Wilshire Center-Koreatown NC,1.427,0,1.427
211202,Wilshire Center-Koreatown NC,11.762,0,11.762
211310,Wilshire Center-Koreatown NC,6.83,0,6.83
211320,Wilshire Center-Koreatown NC,4.331,0,4.331
211410,Wilshire Center-Koreatown NC,12.046,0,12.046
211420,Wilshire Center-Koreatown NC,3,0,3
211500,Greater Wilshire NC,2.873,0,2.873
211701,Greater Wilshire NC,6.09,0,6.09
211703,Greater Wilshire NC,5,0,5
211704,Greater Wilshire NC,18.982,0,18.982
211802,Wilshire Center-Koreatown NC,26.053,0,26.053
211803,Wilshire Center-Koreatown NC,1.873,0,1.873
211804,Wilshire Center-Koreatown NC,14.467,0,14.467
211910,Wilshire Center-Koreatown NC,1.701,0,1.701
211921,Wilshire Center-Koreatown NC,8.662,0,8.662
211922,Wilshire Center-Koreatown NC,0,0,0
212101,Wilshire Center-Koreatown NC,58.327,0,58.327
212102,Wilshire Center-Koreatown NC,29.357,0,29.357
212202,MacArthur Park NC,12.193,0,12.193
212203,MacArthur Park NC,35.313,0,35.313
212204,MacArthur Park NC,50.603,0,50.603
212303,Wilshire Center-Koreatown NC,20.683,0,20.683
212304,Wilshire Center-Koreatown NC,2.331,0,2.331
212305,Wilshire Center-Koreatown NC,2.958,0,2.958
212306,Wilshire Center-Koreatown NC,3.427,0,3.427
212410,Wilshire Center-Koreatown NC,8.958,0,8.958
212420,Wilshire Center-Koreatown NC,4.402,0,4.402
212501,Wilshire Center-Koreatown NC,0,0,0
212502,Wilshire Center-Koreatown NC,51.16,0,51.16
212610,Greater Wilshire NC,9.396,0,9.396
212620,Greater Wilshire NC,12.635,0,12.635
212701,Greater Wilshire NC,8,0,8
212702,Greater Wilshire NC,2.331,0,2.331
212800,Olympic Park NC,1.873,0,1.873
212900,Olympic Park NC,3.915,0,3.915
213100,Olympic Park NC,21.44,0,21.44
213201,Wilshire Center-Koreatown NC,19.81,0,19.81
213202,Olympic Park NC,10.758,0,10.758
213310,Pico Union NC,13.655,0,13.655
213320,Pico Union NC,17.311,0,17.311
213401,MacArthur Park NC,3.204,0,3.204
213402,Pico Union NC,9.949,18,27.949
214000,Mid-City West NC,9.204,0,9.204
214100,Greater Wilshire NC,4.627,0,4.627
214400,Mid-City West NC,8.83,0,8.83
214501,Mid-City West NC,59.905,0,59.905
214502,Mid-City West NC,0,0,0
214503,Mid-City West NC,0,0,0
214600,Mid-City West NC,13.822,0,13.822
214700,Mid-City West NC,16.3,0,16.3
214800,Mid-City West NC,25.475,0,25.475
214901,Mid-City West NC,0,0,0
214902,Mid-City West NC,13.251,0,13.251
215101,Mid-City West NC,10,0,10
215102,Mid-City West NC,3.873,0,3.873
216100,Olympic Park NC,3,0,3
216200,Mid-City West NC,5.83,0,5.83
216300,Mid-City West NC,4,0,4
216401,South Robertson NC,5,0,5
216402,South Robertson NC,1,0,1
216700,P.I.C.O. NC,5.535,0,5.535
216800,P.I.C.O. NC,12.364,0,12.364
216900,P.I.C.O. NC,2,0,2
217001,South Robertson NC,6.228,0,6.228
217002,South Robertson NC,9.525,0,9.525
217100,P.I.C.O. NC,3,0,3
217200,Olympic Park NC,20.931,0,20.931
218110,United Neighborhoods NC,3.958,0,3.958
218120,United Neighborhoods NC,9.6,25,34.6
218210,Mid City NC,0,0,0
218220,Mid City NC,11.131,0,11.131
218300,Mid City NC,13.077,24,37.077
218400,Mid City NC,24.873,0,24.873
218500,Mid City NC,17.062,45,62.062
218600,Mid City NC,1.844,0,1.844
218701,United Neighborhoods NC,10.856,0,10.856
218702,United Neighborhoods NC,20.128,11,31.128
218800,United Neighborhoods NC,7.936,0,7.936
218900,United Neighborhoods NC,2.784,0,2.784
219010,United Neighborhoods NC,2,0,2
219020,United Neighborhoods NC,9.019,6,15.019
219300,United Neighborhoods NC,6.844,0,6.844
219500,West Adams NC,27.063,0,27.063
219700,West Adams NC,36.041,0,36.041
219800,West Adams NC,8.429,0,8.429
219901,West Adams NC,9.646,0,9.646
219902,West Adams NC,12.602,0,12.602
220000,West Adams NC,38.906,0,38.906
220100,West Adams NC,19.236,0,19.236
221110,Pico Union NC,15.796,0,15.796
221120,Pico Union NC,13.788,0,13.788
221210,United Neighborhoods NC,4.734,0,4.734
221220,Pico Union NC,16.173,0,16.173
221302,United Neighborhoods NC,19.867,0,19.867
221303,United Neighborhoods NC,24.859,0,24.859
221304,United Neighborhoods NC,18.958,0,18.958
221401,United Neighborhoods NC,7.368,0,7.368
221402,United Neighborhoods NC,13.991,0,13.991
221500,Empowerment Congress North NC,4.844,0,4.844
221601,Empowerment Congress North NC,8.52,0,8.52
221602,Pico Union NC,35.236,0,35.236
221710,Empowerment Congress North NC,5.236,0,5.236
221810,Empowerment Congress North NC,0,0,0
221820,Empowerment Congress North NC,0,0,0
221900,Empowerment Congress North NC,1.217,13,14.217
222001,Empowerment Congress North NC,36.112,0,36.112
222002,Empowerment Congress North NC,14.141,0,14.141
222100,Empowerment Congress North NC,1.844,0,1.844
222200,Empowerment Congress North NC,16.877,0,16.877
222500,Empowerment Congress North NC,14.919,0,14.919
222600,Empowerment Congress North NC,19.201,0,19.201
222700,Empowerment Congress North NC,157.26,0,157.26
224010,Downtown Los Angeles NC,128.43,0,128.43
224020,South Central NC,615.51,0,615.51
224200,Pico Union NC,60.54,0,60.54
224310,Pico Union NC,11.916,12,23.916
224320,Pico Union NC,91.422,0,91.422
224410,Empowerment Congress North NC,25.927,0,25.927
224420,Empowerment Congress North NC,20.263,0,20.263
224600,South Central NC,113.13,22,135.13
224700,Empowerment Congress North NC,32.013,0,32.013
226001,Downtown Los Angeles NC,230.75,0,230.75
226002,Downtown Los Angeles NC,525.14,0,525.14
226410,South Central NC,11.22,0,11.22
226420,South Central NC,12.78,0,12.78
226700,South Central NC,18.498,0,18.498
227010,South Central NC,23.285,0,23.285
227020,South Central NC,27.962,0,27.962
228100,South Central NC,14.672,0,14.672
228210,South Central NC,32.759,0,32.759
228220,Central Alameda NC,16.992,0,16.992
228310,South Central NC,42.134,0,42.134
228320,Zapata-King NC,6.368,0,6.368
228410,South Central NC,6.236,0,6.236
228420,Zapata-King NC,21.075,0,21.075
228500,Zapata-King NC,25.869,35,60.869
228600,Zapata-King NC,8.531,3,11.531
228710,Central Alameda NC,19.664,0,19.664
228720,Central Alameda NC,25.41,0,25.41
228800,Central Alameda NC,22.328,0,22.328
228900,Central Alameda NC,34,0,34
229100,Central Alameda NC,21.98,0,21.98
229200,Zapata-King NC,53.088,53,106.09
229300,Zapata-King NC,26.535,0,26.535
229410,Zapata-King NC,26.233,0,26.233
229420,Zapata-King NC,6.429,0,6.429
231100,South Central NC,163.11,230,393.11
231210,Empowerment Congress North NC,37.195,5,42.195
231220,Empowerment Congress North NC,37.688,3,40.688
231300,Empowerment Congress North NC,8.52,0,8.52
231400,Empowerment Congress North NC,5.688,0,5.688
231500,Empowerment Congress Central NC,10.211,0,10.211
231600,Voices of 90037 NC,26.802,26,52.802
231710,Voices of 90037 NC,11.211,0,11.211
231720,Voices of 90037 NC,39.234,0,39.234
231800,Zapata-King NC,43.168,0,43.168
231900,Zapata-King NC,44.9,14,58.9
232110,Voices of 90037 NC,16.748,0,16.748
232120,Voices of 90037 NC,32.672,0,32.672
232200,Voices of 90037 NC,27.492,5,32.492
232300,Voices of 90037 NC,30.208,79,109.21
232400,Empowerment Congress Central NC,85.356,157,242.36
232500,Empowerment Congress Central NC,30.225,159,189.22
232600,Voices of 90037 NC,25.393,0,25.393
232700,Voices of 90037 NC,64.862,69,133.86
232800,Zapata-King NC,73.648,0,73.648
234000,Empowerment Congress West NC,4.688,0,4.688
234200,Empowerment Congress West NC,33.866,0,33.866
234300,Empowerment Congress West NC,83.707,0,83.707
234501,Park Mesa Heights Community Council,1,0,1
234502,Park Mesa Heights Community Council,4.604,58,62.604
234600,Park Mesa Heights Community Council,16.507,20,36.507
234700,Park Mesa Heights Community Council,13.888,0,13.888
234800,Park Mesa Heights Community Council,10.329,0,10.329
234901,Park Mesa Heights Community Council,9.592,0,9.592
234902,Park Mesa Heights Community Council,139.74,0,139.74
235100,Park Mesa Heights Community Council,2.735,0,2.735
235201,Park Mesa Heights Community Council,5.211,6,11.211
235202,Park Mesa Heights Community Council,48.435,0,48.435
236000,Empowerment Congress West NC,37.59,0,37.59
236100,Empowerment Congress West NC,7.211,0,7.211
236202,Empowerment Congress West NC,13.345,0,13.345
236203,Empowerment Congress West NC,1.844,0,1.844
236204,Empowerment Congress West NC,0,0,0
236400,Empowerment Congress West NC,2.368,0,2.368
237101,Voices of 90037 NC,10.423,0,10.423
237102,Voices of 90037 NC,9.061,0,9.061
237201,Voices of 90037 NC,19.131,46,65.131
237202,Empowerment Congress Central NC,118.61,0,118.61
237300,Empowerment Congress Central NC,29.451,0,29.451
237401,Empowerment Congress Central NC,25.914,18,43.914
237402,Empowerment Congress Central NC,22.571,0,22.571
237500,United for Victory NC,17.69,0,17.69
237600,United for Victory NC,14.414,0,14.414
237710,United for Victory NC,16.472,0,16.472
237720,United for Victory NC,17.371,0,17.371
237800,Empowerment Congress Southwest NC,15.208,0,15.208
237900,Empowerment Congress Southwest NC,20.531,0,20.531
238000,Empowerment Congress Southwest NC,29.957,0,29.957
238100,Empowerment Congress Southwest NC,21.219,71,92.219
238200,Empowerment Congress Southwest NC,6.604,0,6.604
238310,Empowerment Congress Southeast NC,6.844,0,6.844
238320,Empowerment Congress Southeast NC,32.775,5,37.775
238400,Empowerment Congress Southwest NC,44.591,0,44.591
239201,CANNDU NC,24.876,0,24.876
239202,CANNDU NC,93.979,304,397.98
239310,CANNDU NC,26.48,0,26.48
239320,CANNDU NC,3.211,0,3.211
239330,CANNDU NC,57.516,0,57.516
239501,CANNDU NC,3.061,0,3.061
239502,CANNDU NC,0,0,0
239601,CANNDU NC,16.592,0,16.592
239602,CANNDU NC,6.122,0,6.122
239701,CANNDU NC,34.711,27,61.711
239702,CANNDU NC,23.201,0,23.201
239801,CANNDU NC,0,20,20
239802,CANNDU NC,11.815,14,25.815
240010,Empowerment Congress Southeast NC,25.085,0,25.085
240020,Empowerment Congress Southeast NC,22.436,0,22.436
240200,Empowerment Congress Southeast NC,29.394,76,105.39
240300,Empowerment Congress Southeast NC,42.488,46,88.488
240401,Empowerment Congress Southeast NC,17.986,0,17.986
240402,Empowerment Congress Southeast NC,79.55,0,79.55
240500,Empowerment Congress Southeast NC,21.738,11,32.738
240600,Empowerment Congress Southeast NC,34.02,0,34.02
240700,Empowerment Congress Southeast NC,22.738,0,22.738
240800,Empowerment Congress Southeast NC,18.955,0,18.955
240900,Empowerment Congress Southeast NC,118,14,132
241001,Harbor Gateway North NC,21.713,0,21.713
241002,Harbor Gateway North NC,26.986,0,26.986
241110,Empowerment Congress Southeast NC,15,0,15
241120,Empowerment Congress Southeast NC,22.688,0,22.688
241201,Empowerment Congress Southeast NC,47.111,0,47.111
241202,Harbor Gateway North NC,26.714,0,26.714
241300,Harbor Gateway North NC,31.772,0,31.772
241400,Harbor Gateway North NC,14.531,16,30.531
242000,Watts NC,17.298,0,17.298
242100,Watts NC,1.844,0,1.844
242200,Watts NC,47.487,0,47.487
242300,Watts NC,69.432,0,69.432
242600,Watts NC,9.538,0,9.538
242700,Watts NC,40.357,0,40.357
243000,Watts NC,34.296,16,50.296
243100,Watts NC,38.163,8,46.163
261101,Bel Air-Beverly Crest NC,0,0,0
261102,Bel Air-Beverly Crest NC,0,0,0
261200,Bel Air-Beverly Crest NC,0,0,0
262100,Bel Air-Beverly Crest NC,0,0,0
262200,Bel Air-Beverly Crest NC,0,0,0
262301,Brentwood Community Council,0,0,0
262302,Brentwood Community Council,0,0,0
262303,Brentwood Community Council,0,0,0
262400,Brentwood Community Council,0,0,0
262501,Pacific Palisades Community Council,0,0,0
262601,Pacific Palisades Community Council,0,0,0
262604,Pacific Palisades Community Council,9.023,0,9.023
262704,Pacific Palisades Community Council,50.389,0,50.389
262706,Pacific Palisades Community Council,16.388,0,16.388
262802,Pacific Palisades Community Council,3.612,0,3.612
264000,Brentwood Community Council,0,0,0
264102,Brentwood Community Council,1.411,0,1.411
264103,Brentwood Community Council,4.612,0,4.612
264301,Brentwood Community Council,1,0,1
264302,Brentwood Community Council,8.411,0,8.411
265100,Westwood NC,3.411,0,3.411
265201,Westwood NC,0,0,0
265202,Westwood NC,37.401,0,37.401
265301,Westwood NC,8.411,0,8.411
265303,Westwood NC,0,0,0
265304,Westwood NC,1,0,1
265305,Westwood NC,53.557,0,53.557
265410,Brentwood Community Council,0,0,0
265420,Westwood NC,0,0,0
265510,Westwood NC,17.273,0,17.273
265520,Westwood NC,87.037,0,87.04
265601,Westwood NC,2,0,2
265602,Westwood NC,1,0,1
265700,Westwood NC,7,0,7
267100,Westside NC,0,0,0
267200,Westside NC,74.492,0,74.492
267300,West Los Angeles NC,34.76,0,34.76
267402,West Los Angeles NC,1,0,1
267403,West Los Angeles NC,6,0,6
267404,West Los Angeles NC,5.968,0,5.968
267501,West Los Angeles NC,45.84,0,45.84
267502,West Los Angeles NC,11.979,0,11.979
267600,West Los Angeles NC,46.994,0,46.994
267700,West Los Angeles NC,22.757,0,22.757
267800,Westside NC,22.293,30,52.293
267901,Westside NC,3.789,0,3.789
267902,Westside NC,7.671,0,7.671
269000,Westside NC,0,0,0
269100,South Robertson NC,11.379,0,11.379
269300,Westside NC,22.221,0,22.221
269500,South Robertson NC,1.557,0,1.557
269601,South Robertson NC,13.602,0,13.602
269602,South Robertson NC,0,0,0
269700,South Robertson NC,24.518,0,24.518
269800,South Robertson NC,16.227,0,16.227
269903,Palms NC,4.789,0,4.789
269904,Palms NC,12.482,0,12.482
269905,Palms NC,28.609,0,28.609
269906,Palms NC,3.346,0,3.346
269907,Palms NC,1,0,1
270100,Palms NC,70.409,0,70.409
270200,South Robertson NC,36.903,0,36.903
270300,Mid City NC,42.92,0,42.92
271100,Westside NC,32.504,0,32.504
271200,Mar Vista NC,28.8,0,28.8
271300,Mar Vista NC,28.503,0,28.503
271400,Mar Vista NC,3.578,0,3.578
271500,Mar Vista NC,2.968,0,2.968
271600,Mar Vista NC,8.369,0,8.369
271701,Mar Vista NC,3.789,0,3.789
271702,Mar Vista NC,37.181,0,37.181
271801,Mar Vista NC,12.358,0,12.358
271802,Palms NC,15.759,0,15.759
271901,Mar Vista NC,53.593,0,53.593
271902,Mar Vista NC,9.567,0,9.567
272100,Mar Vista NC,17.91,0,17.91
272201,Mar Vista NC,16.447,0,16.447
272202,Mar Vista NC,7.367,0,7.367
272301,Mar Vista NC,1.789,0,1.789
272302,Mar Vista NC,25.115,0,25.115
273100,Venice NC,92.534,0,92.534
273200,Venice NC,92.505,10,102.51
273300,Venice NC,146.06,0,146.06
273402,Venice NC,303.69,0,303.69
273502,Venice NC,181.11,0,181.11
273600,Venice NC,115.74,0,115.74
273700,Venice NC,18.767,0,18.767
273800,Venice NC,155.84,0,155.84
273902,Venice NC,74.111,0,74.111
274100,Venice NC,48.999,0,48.999
274202,Venice NC,33.289,0,33.289
275101,Del Rey NC,9.892,0,9.892
275102,Del Rey NC,15,0,15
275200,Del Rey NC,11.017,0,11.017
275302,Del Rey NC,32.739,0,32.739
275311,Del Rey NC,13.535,0,13.535
275400,Del Rey NC,4.634,0,4.634
275500,Del Rey NC,9.222,0,9.222
275602,Del Rey NC,28.31,0,28.31
275603,Del Rey NC,23.756,0,23.756
276000,Westchester/Playa NC,4.223,0,4.223
276100,Westchester/Playa NC,1.789,0,1.789
276400,Westchester/Playa NC,1.612,0,1.612
276500,Westchester/Playa NC,3,9,12
276601,Westchester/Playa NC,114,0,114
276603,Westchester/Playa NC,6.692,0,6.692
276604,Westchester/Playa NC,1.789,0,1.789
277000,Westchester/Playa NC,5.835,0,5.835
277100,Westchester/Playa NC,6.747,0,6.747
277200,Westchester/Playa NC,12,0,12
277400,Westchester/Playa NC,2,0,2
278001,Westchester/Playa NC,38.946,0,38.946
278102,Westchester/Playa NC,28.236,0,28.236
291110,Harbor Gateway North NC,13.113,0,13.113
291120,Harbor Gateway North NC,4.005,0,4.005
291130,Harbor Gateway North NC,41.702,0,41.702
291210,Harbor Gateway North NC,45.736,0,45.736
291220,Harbor Gateway North NC,4.702,0,4.702
291300,Harbor Gateway South NC,51.759,0,51.759
292000,Harbor Gateway South NC,79.37,0,79.37
293201,Harbor Gateway South NC,8.383,0,8.383
293202,Harbor Gateway South NC,32.489,0,32.489
293301,Harbor City NC,1,0,1
293302,Harbor City NC,2.257,0,2.257
293304,Harbor City NC,11.691,0,11.691
293306,Harbor City NC,3.351,0,3.351
293307,Harbor City NC,1,0,1
294110,Wilmington NC,9.677,0,9.677
294120,Wilmington NC,55.15,0,55.15
294200,Wilmington NC,27.439,0,27.439
294301,Wilmington NC,5.694,0,5.694
294302,Wilmington NC,9.007,0,9.007
294410,Harbor City NC,111.72,0,111.72
294421,Harbor City NC,16.703,0,16.703
294510,Wilmington NC,5.005,0,5.005
294520,Wilmington NC,3.002,0,3.002
294610,Wilmington NC,22.363,0,22.363
294620,Wilmington NC,29.382,0,29.382
294701,Wilmington NC,155.65,37,192.65
294810,Wilmington NC,11,0,11
294820,Wilmington NC,28.088,0,28.088
294830,Wilmington NC,24.057,0,24.057
294900,Wilmington NC,27.941,0,27.941
295103,Northwest San Pedro NC,17.013,0,17.013
296210,Central San Pedro NC,15.931,0,15.931
296220,Central San Pedro NC,75.843,0,75.843
296300,Northwest San Pedro NC,17.941,0,17.941
296401,Northwest San Pedro NC,0,0,0
296402,Northwest San Pedro NC,5.985,0,5.985
296500,Central San Pedro NC,24.505,0,24.505
296600,Central San Pedro NC,133.14,45,178.14
296901,Central San Pedro NC,3.669,12,15.669
296902,Central San Pedro NC,1.689,38,39.689
297000,Northwest San Pedro NC,0,0,0
297110,Central San Pedro NC,198.98,0,198.98
297120,Coastal San Pedro NC,16.635,0,16.635
297201,Coastal San Pedro NC,2.002,0,2.002
297202,Coastal San Pedro NC,0,0,0
297300,Coastal San Pedro NC,1.689,0,1.689
297400,Coastal San Pedro NC,0,0,0
297500,Coastal San Pedro NC,11.027,0,11.027
297601,Coastal San Pedro NC,1.98,0,1.98
297602,Coastal San Pedro NC,1.351,0,1.351
300100,La Crescenta-Montrose,0,0,0
300200,La Crescenta-Montrose,1,0,1
300501,La Crescenta-Montrose,0,0,0
300502,La Crescenta-Montrose,0,0,0
310100,Burbank,1,0,1
310201,Burbank,1.576,0,1.576
310202,Burbank,3.218,0,3.218
310300,Burbank,0,0,0
310400,Burbank,1,0,1
310501,Burbank,44.149,26,70.149
310601,Burbank,3.576,12,15.576
310602,Burbank,10.429,0,10.429
310701,Burbank,5.413,0,5.413
310702,Burbank,16.533,0,16.533
310703,Burbank,8.396,0,8.396
310800,Burbank,9.576,30,39.576
310900,Burbank,0,0,0
311000,Burbank,18.66,0,18.66
311100,Burbank,25.407,0,25.407
311200,Burbank,2.523,0,2.523
311300,Burbank,6.643,0,6.643
311400,Burbank,3.388,0,3.388
311500,Burbank,2.949,0,2.949
311600,Burbank,6.584,0,6.584
311700,Burbank,24.583,0,24.583
311801,Burbank,0,5,5
311802,Burbank,3.523,0,3.523
320000,Universal City,1,0,1
320100,San Fernando,19.92,0,19.92
320201,San Fernando,0,0,0
320202,San Fernando,8.58,0,8.58
320300,San Fernando,14.047,0,14.047
400204,La Verne,0,0,0
400205,Claremont,5.102,0,5.102
400206,Claremont,0,0,0
400207,La Verne,0,0,0
400302,La Verne,1,0,1
400304,San Dimas,1,0,1
400402,Glendora,3.739,0,3.739
400403,San Dimas,6.643,0,6.643
400404,Glendora,1.624,0,1.624
400501,Glendora,0,0,0
400602,Azusa,8.551,18,26.551
400603,Azusa,131.66,0,131.66
400604,Azusa,1,0,1
400800,Glendora,5.102,0,5.102
400900,Glendora,2.551,0,2.551
401001,Glendora,0,0,0
401002,Glendora,4.102,0,4.102
401101,Glendora,24.337,0,24.337
401102,Glendora,4,0,4
401201,Glendora,6.341,0,6.341
401202,Glendora,9.58,0,9.58
401203,Glendora,6.282,0,6.282
401303,San Dimas,0,0,0
401304,San Dimas,0,0,0
401311,San Dimas,0,0,0
401312,San Dimas,0,0,0
401500,La Verne,5.913,0,5.913
401601,La Verne,1.79,0,1.79
401602,La Verne,11.739,0,11.739
401603,La Verne,1,0,1
401701,Claremont,10.099,0,10.099
401703,Pomona,4.931,0,4.931
401704,Pomona,5,12,17
401800,Claremont,0,0,0
401901,Claremont,1,0,1
401902,Claremont,2.551,9,11.551
402001,Claremont,2,0,2
402002,Claremont,7.102,0,7.102
402101,Pomona,10,21,31
402102,Pomona,14.482,8,22.482
402200,Pomona,24.646,0,24.646
402301,Pomona,0,0,0
402303,Pomona,8.931,0,8.931
402304,Pomona,8,0,8
402402,Pomona,21.033,0,21.033
402403,Pomona,0,0,0
402404,Unincorporated Pomona,3.739,0,3.739
402405,Pomona,6.833,0,6.833
402406,Pomona,9.362,0,9.362
402501,Pomona,27.211,0,27.211
402502,Pomona,13.145,0,13.145
402600,Pomona,26.565,4,30.565
402702,Pomona,30.477,0,30.477
402703,Pomona,4.141,0,4.141
402705,Pomona,0,0,0
402706,Pomona,5,0,5
402801,Pomona,33.935,205,238.93
402803,Pomona,1,0,1
402804,Pomona,0,0,0
402902,Pomona,13.58,0,13.58
402903,Pomona,10.713,0,10.713
402904,Pomona,21.456,0,21.456
403000,Pomona,10.739,0,10.739
403200,Pomona,5.282,0,5.282
403303,City of Industry,2.141,0,2.141
403304,Diamond Bar,5.58,0,5.58
403305,Diamond Bar,0,0,0
403312,City of Industry,13.693,0,13.693
403316,Diamond Bar,0,0,0
403317,Pomona,6.203,0,6.203
403318,Pomona,4.551,0,4.551
403319,Diamond Bar,2.141,0,2.141
403320,Diamond Bar,0,0,0
403321,Diamond Bar,2.141,0,2.141
403322,Diamond Bar,0,0,0
403323,Diamond Bar,0,0,0
403324,Diamond Bar,0,0,0
403325,Unincorporated Diamond Bar,0,0,0
403401,Walnut,12.16,0,12.16
403402,Walnut,0,0,0
403403,Walnut,0,0,0
403404,Walnut,0,0,0
403405,Walnut,0,0,0
403406,Walnut,8.216,0,8.216
403407,Walnut,0,0,0
403408,Walnut,0,0,0
403500,Unincorporated Covina,3.931,0,3.931
403600,Covina,2.739,0,2.739
403702,Covina,0,0,0
403703,San Dimas,0,0,0
403721,Covina,8.477,0,8.477
403722,Covina,4.141,0,4.141
403801,Charter Oak,17.141,0,17.141
403802,Charter Oak,4.88,0,4.88
403901,Glendora,0,0,0
403902,Glendora,2.141,0,2.141
404000,Citrus,6.833,0,6.833
404100,Citrus,11.652,0,11.652
404201,Azusa,14,0,14
404202,Azusa,11.88,0,11.88
404301,Azusa,9,0,9
404302,Azusa,26.693,0,26.693
404401,Azusa,11,0,11
404402,Azusa,38.943,0,38.943
404501,Azusa,55.944,0,55.944
404503,Azusa,22.169,0,22.169
404504,Azusa,22.042,0,22.042
404600,Irwindale,120.18,0,120.18
404701,Baldwin Park,64.946,0,64.946
404702,Baldwin Park,28.925,0,28.925
404703,Baldwin Park,52.449,0,52.449
404801,Baldwin Park,17.693,0,17.693
404802,Baldwin Park,6.174,0,6.174
404803,Baldwin Park,2.141,0,2.141
404901,Baldwin Park,1,0,1
404902,Baldwin Park,3.931,0,3.931
404903,Baldwin Park,0,0,0
405001,Baldwin Park,1,0,1
405002,Baldwin Park,21.624,0,21.624
405101,Baldwin Park,3.141,0,3.141
405102,Baldwin Park,38.646,0,38.646
405201,Baldwin Park,13.073,0,13.073
405202,Baldwin Park,1,0,1
405203,Baldwin Park,7.282,0,7.282
405301,West Covina,2.141,0,2.141
405302,West Covina,20.295,0,20.295
405400,Vincent,5.362,0,5.362
405500,West Covina,16.739,0,16.739
405600,West Covina,37.761,0,37.761
405701,Covina,7.282,0,7.282
405702,Covina,60.87,5,65.87
405800,Covina,46.231,0,46.231
405900,Covina,16.169,0,16.169
406000,Covina,14.178,0,14.178
406101,Covina,12.739,15,27.739
406102,Covina,16.123,0,16.123
406200,West Covina,6.174,0,6.174
406300,West Covina,4.739,0,4.739
406402,West Covina,0,0,0
406411,West Covina,3.102,0,3.102
406412,West Covina,1,0,1
406500,West Covina,4,0,4
406601,West Covina,0,0,0
406602,West Covina,0,0,0
406701,West Covina,0,0,0
406702,West Covina,17.424,0,17.424
406800,West Covina,2.141,0,2.141
406901,West Puente Valley,7.37,0,7.37
406902,West Puente Valley,6.88,0,6.88
407001,West Puente Valley,5,0,5
407002,City of Industry,21.316,0,21.316
407101,La Puente,5.282,0,5.282
407102,La Puente,0,0,0
407200,La Puente,0,0,0
407301,West Puente Valley,4.141,0,4.141
407302,West Puente Valley,2.739,0,2.739
407400,West Covina,0,0,0
407501,Valinda,6.073,0,6.073
407502,Valinda,1,0,1
407601,La Puente,6.739,0,6.739
407602,La Puente,2,0,2
407701,La Puente,10.811,0,10.811
407702,La Puente,4.739,0,4.739
407801,City of Industry,7.282,0,7.282
407802,City of Industry,2.141,0,2.141
407900,Valinda,8.021,0,8.021
408003,West Covina,6.424,0,6.424
408004,West Covina,5.141,0,5.141
408005,West Covina,0,0,0
408006,West Covina,6.243,0,6.243
408133,West Covina,7,0,7
408134,West Covina,2.141,0,2.141
408135,West Covina,0,0,0
408136,West Covina,0,0,0
408137,West Covina,0,0,0
408138,South San Jose Hills,3.141,0,3.141
408139,South San Jose Hills,0,0,0
408140,South San Jose Hills,4.282,0,4.282
408141,South San Jose Hills,0,0,0
408202,City of Industry,38.116,0,38.116
408211,City of Industry,9.477,0,9.477
408212,Rowland Heights,4.289,0,4.289
408301,Avocado Heights,56.038,0,56.038
408302,Avocado Heights,74.506,0,74.506
408303,Avocado Heights,2,0,2
408401,Hacienda Heights,10.974,0,10.974
408402,Hacienda Heights,14.443,211,225.44
408501,Hacienda Heights,1,0,1
408503,Hacienda Heights,4.892,0,4.892
408504,Hacienda Heights,5.482,0,5.482
408505,Hacienda Heights,6.529,0,6.529
408623,Hacienda Heights,7.512,0,7.512
408624,Hacienda Heights,2.141,0,2.141
408625,Hacienda Heights,4.141,0,4.141
408626,Rowland Heights,7,0,7
408627,Rowland Heights,1,0,1
408628,Hacienda Heights,0,0,0
408629,Hacienda Heights,5.84,0,5.84
408630,Hacienda Heights,2.79,0,2.79
408631,Hacienda Heights,8,0,8
408703,Rowland Heights,0,0,0
408704,Rowland Heights,0,0,0
408705,Rowland Heights,0,3,3
408706,Rowland Heights,0,0,0
408722,Rowland Heights,0,0,0
408723,Rowland Heights,0,0,0
408724,Rowland Heights,0,0,0
408800,Pomona,100.93,7,107.93
430002,Duarte,8.892,0,8.892
430003,Duarte,0,0,0
430101,Duarte,18.282,0,18.282
430102,Duarte,1.551,0,1.551
430200,Bradbury,0,0,0
430301,Monrovia,0,0,0
430302,Monrovia,0,0,0
430400,Arcadia,12.624,0,12.624
430501,Sierra Madre,0,0,0
430502,Sierra Madre,0,0,0
430600,Arcadia,0,0,0
430701,Arcadia,0,0,0
430721,Arcadia,8.739,0,8.739
430723,Arcadia,0,0,0
430724,Arcadia,0,0,0
430801,Arcadia,7.653,0,7.653
430802,Arcadia,1,0,1
430803,Arcadia,9.289,0,9.289
430901,Monrovia,2.141,0,2.141
430902,Monrovia,0,0,0
431001,Monrovia,31.141,0,31.141
431002,Monrovia,3.102,0,3.102
431100,Monrovia,30.058,0,30.058
431200,Unincorporated Monrovia,12.264,0,12.264
431300,Mayflower Village,2.141,0,2.141
431400,Mayflower Village,14.498,0,14.498
431501,North El Monte,2,0,2
431502,North El Monte,39.518,0,39.518
431600,Arcadia,0,0,0
431700,Arcadia,0,0,0
431800,Temple City,0,0,0
431900,Temple City,20.221,0,20.221
432000,Temple City,2.739,0,2.739
432101,Temple City,0,0,0
432102,Temple City,0,0,0
432201,Rosemead,6.431,0,6.431
432202,Rosemead,3.739,0,3.739
432300,El Monte,44.639,0,44.639
432401,El Monte,5.931,0,5.931
432402,El Monte,0,0,0
432500,El Monte,0,0,0
432601,El Monte,1,0,1
432602,El Monte,0,0,0
432700,El Monte,72.985,0,72.985
432801,El Monte,22.679,0,22.679
432802,El Monte,21.544,0,21.544
432901,Rosemead,6,0,6
432902,Rosemead,0,0,0
433101,El Monte,73.806,0,73.806
433102,El Monte,26.498,0,26.498
433200,El Monte,48.301,0,48.301
433302,El Monte,60.627,0,60.627
433304,El Monte,1,0,1
433305,El Monte,2,0,2
433306,El Monte,1.79,0,1.79
433307,El Monte,17.739,0,17.739
433401,El Monte,25.218,0,25.218
433402,El Monte,0,0,0
433403,El Monte,22.87,0,22.87
433501,South El Monte,7.424,0,7.424
433503,South El Monte,1,0,1
433504,South El Monte,10.021,0,10.021
433601,Rosemead,0,0,0
433602,Rosemead,41.303,0,41.303
433700,South El Monte,73.395,0,73.395
433801,South El Monte,1,0,1
433802,Whittier Narrows,49.688,0,49.688
433901,El Monte,22.286,25,47.286
433902,El Monte,1,0,1
434001,El Monte,17.482,0,17.482
434003,El Monte,8.931,0,8.931
434004,El Monte,6.79,0,6.79
460000,Kinneloa Mesa,2.739,0,2.739
460100,Altadena,1.551,0,1.551
460200,Altadena,2.79,0,2.79
460301,Altadena,3.102,0,3.102
460302,Altadena,0,58,58
460401,Altadena,0,0,0
460501,La Cañada Flintridge,1.576,0,1.576
460502,La Cañada Flintridge,0,0,0
460600,La Cañada Flintridge,0,0,0
460700,La Cañada Flintridge,0,0,0
461000,Altadena,16.247,0,16.247
461100,Altadena,4,0,4
461200,Altadena,3.739,0,3.739
461300,Altadena,2.551,0,2.551
463101,East Pasadena,0,0,0
463102,East Pasadena,2.624,0,2.624
463300,San Pasqual,0,0,0
464100,San Marino,1,0,1
464200,San Marino,0,0,0
480002,East San Gabriel,0,0,0
480011,East San Gabriel,0,0,0
480012,East San Gabriel,0,0,0
480101,Temple City,0,0,0
480102,East San Gabriel,0,0,0
480201,San Gabriel,0,0,0
480202,San Gabriel,0,0,0
480302,Alhambra,5,15,20
480303,Alhambra,0,0,0
480304,Alhambra,0,0,0
480400,Alhambra,0,0,0
480500,South Pasadena,2,0,2
480600,South Pasadena,26.606,0,26.606
480702,South Pasadena,0,0,0
480703,South Pasadena,1,0,1
480704,South Pasadena,4,0,4
480802,Alhambra,12.959,0,12.959
480803,Alhambra,3.739,0,3.739
480804,Alhambra,4.282,0,4.282
480901,Alhambra,2.739,0,2.739
480902,Alhambra,1.551,0,1.551
480903,Alhambra,1.551,0,1.551
481001,Alhambra,2,0,2
481002,Alhambra,2,0,2
481101,San Gabriel,3.79,0,3.79
481102,San Gabriel,13.839,0,13.839
481103,San Gabriel,1,0,1
481201,Temple City,5.289,0,5.289
481202,East San Gabriel,1.79,0,1.79
481300,Rosemead,0,0,0
481401,San Gabriel,1,0,1
481402,San Gabriel,7.529,0,7.529
481500,Alhambra,4.341,0,4.341
481603,Alhambra,0,0,0
481604,Alhambra,1,0,1
481605,Alhambra,1,0,1
481606,Alhambra,0,0,0
481711,Monterey Park,3,0,3
481712,Monterey Park,5.79,0,5.79
481713,Monterey Park,4.341,0,4.341
481714,Monterey Park,5.58,0,5.58
481800,Alhambra,0,0,0
481901,Alhambra,4.551,0,4.551
481902,Alhambra,6.102,0,6.102
482001,Monterey Park,1,0,1
482002,Monterey Park,3,0,3
482101,Monterey Park,1,0,1
482102,Monterey Park,10.413,0,10.413
482201,Monterey Park,6.37,0,6.37
482202,Monterey Park,2.79,0,2.79
482301,San Gabriel,0,0,0
482303,Rosemead,0,0,0
482304,Rosemead,1,0,1
482401,Rosemead,3,0,3
482402,Rosemead,8.272,10,18.272
482502,Rosemead,0,0,0
482503,Rosemead,12.101,0,12.101
482521,South San Gabriel,6.141,0,6.141
482522,Montebello,4.198,0,4.198
482600,Monterey Park,8.233,0,8.233
482701,Monterey Park,13.374,0,13.374
482702,Monterey Park,0,0,0
482800,Monterey Park,0,0,0
500100,La Habra Heights,29.868,0,29.868
500201,La Habra Heights,10.631,0,10.631
500202,Whittier,5.701,0,5.701
500300,Unincorporated Whittier,26.428,0,26.428
500402,Pico Rivera,12.351,0,12.351
500403,Pico Rivera,11.715,0,11.715
500404,Pico Rivera,9.002,0,9.002
500500,Pico Rivera,6.395,0,6.395
500600,Pico Rivera,9.535,0,9.535
500700,Pico Rivera,31.813,0,31.813
500800,Pico Rivera,5.403,0,5.403
500900,Pico Rivera,22.831,0,22.831
501001,West Whittier-Los Nietos,10.507,0,10.507
501002,West Whittier-Los Nietos,8.283,0,8.283
501200,Whittier,8.561,0,8.561
501300,Whittier,0,0,0
501400,Whittier,30.252,0,30.252
501501,Unincorporated Whittier,2.338,0,2.338
501503,Whittier,2.701,0,2.701
501504,Whittier,31.944,0,31.944
501600,Whittier,0,0,0
501700,Whittier,0,0,0
501802,Whittier,0,0,0
501803,Whittier,28.665,26,54.665
501804,Whittier,11.376,0,11.376
501900,Whittier,2,0,2
502003,Whittier,31.052,0,31.052
502004,Whittier,19.918,0,19.918
502005,South Whittier,3.701,0,3.701
502100,Whittier,89.017,28,117.02
502200,West Whittier-Los Nietos,89.996,0,89.996
502301,West Whittier-Los Nietos,54.352,0,54.352
502302,West Whittier-Los Nietos,48.056,0,48.056
502401,Pico Rivera,1.86,0,1.86
502402,Pico Rivera,1.701,0,1.701
502500,Pico Rivera,80.891,0,80.891
502601,Pico Rivera,13.861,0,13.861
502602,Pico Rivera,7.041,0,7.041
502700,Santa Fe Springs,15.357,37,52.357
502801,Santa Fe Springs,1.86,0,1.86
502802,Santa Fe Springs,5.579,0,5.579
502901,South Whittier,0,0,0
502902,Santa Fe Springs,10.871,0,10.871
503000,South Whittier,4.198,0,4.198
503103,South Whittier,2.701,0,2.701
503104,South Whittier,6.365,0,6.365
503105,South Whittier,11.187,14,25.187
503106,South Whittier,0,0,0
503201,South Whittier,5.579,0,5.579
503202,South Whittier,2.701,27,29.701
503301,Whittier,2.054,0,2.054
503302,South Whittier,0,44,44
503401,Whittier,0,0,0
503402,Whittier,3.365,0,3.365
503501,South Whittier,34.267,0,34.267
503502,South Whittier,1.86,0,1.86
503601,La Mirada,4.338,0,4.338
503602,La Mirada,6.676,0,6.676
503701,Unincorporated East Whittier,1,0,1
503702,Unincorporated East Whittier,0,0,0
503703,La Mirada,1,0,1
503801,La Mirada,0,0,0
503802,La Mirada,1,0,1
503901,La Mirada,0,0,0
503902,La Mirada,8.078,0,8.078
504001,La Mirada,0,0,0
504002,La Mirada,0,0,0
504101,La Mirada,7.406,0,7.406
504102,Santa Fe Springs,58.185,0,58.185
530003,Montebello,6.701,0,6.701
530004,Montebello,18.769,0,18.769
530005,Montebello,6.338,0,6.338
530006,Montebello,7.085,0,7.085
530101,Montebello,16.462,0,16.462
530102,Montebello,4.731,0,4.731
530202,Montebello,6.225,0,6.225
530203,Montebello,3.365,0,3.365
530204,Montebello,0,0,0
530301,East Los Angeles,62.358,0,62.358
530302,East Los Angeles,12.926,0,12.926
530400,East Los Angeles,33.719,33,66.719
530500,East Los Angeles,9.106,0,9.106
530601,East Los Angeles,5.579,0,5.579
530602,East Los Angeles,0,0,0
530700,California State University - Los Angeles,29.766,0,29.766
530801,East Los Angeles,24.189,0,24.189
530802,East Los Angeles,3.72,0,3.72
530901,East Los Angeles,13.497,0,13.497
530902,East Los Angeles,4.72,0,4.72
531000,East Los Angeles,19.351,0,19.351
531101,East Los Angeles,21.299,0,21.299
531102,East Los Angeles,8.445,0,8.445
531201,East Los Angeles,8.31,0,8.31
531202,East Los Angeles,18.801,0,18.801
531301,East Los Angeles,25.946,0,25.946
531302,East Los Angeles,12.754,0,12.754
531502,East Los Angeles,123.7,0,123.7
531503,East Los Angeles,7.805,0,7.805
531504,East Los Angeles,0,0,0
531602,East Los Angeles,4.225,0,4.225
531603,East Los Angeles,0,0,0
531604,East Los Angeles,6.756,0,6.756
531701,East Los Angeles,33.684,0,33.684
531702,East Los Angeles,64.96,0,64.96
531800,East Los Angeles,15.438,0,15.438
531901,East Los Angeles,7.262,0,7.262
531902,East Los Angeles,19.988,0,19.988
532001,Montebello,18.929,0,18.929
532002,Montebello,3.72,0,3.72
532101,Montebello,44.461,0,44.461
532102,Montebello,1,0,1
532200,Montebello,16.845,0,16.845
532302,Commerce,43.195,0,43.195
532303,Commerce,155.96,38,193.96
532304,Bell,133.22,420,553.22
532400,Vernon,154.44,0,154.44
532500,Huntington Park,24.515,0,24.515
532603,Huntington Park,17.549,0,17.549
532604,Huntington Park,2.054,0,2.054
532605,Huntington Park,26.262,0,26.262
532606,Huntington Park,0,0,0
532700,Florence-Graham,61.299,0,61.299
532800,Florence-Graham,61.777,0,61.777
532900,Florence-Graham,20.247,0,20.247
533001,Florence-Graham,15.299,0,15.299
533002,Florence-Graham,12.12,0,12.12
533103,Huntington Park,9.676,0,9.676
533104,Huntington Park,24.013,0,24.013
533105,Huntington Park,0,0,0
533106,Huntington Park,3.86,0,3.86
533107,Huntington Park,11.104,0,11.104
533201,Huntington Park,4.86,0,4.86
533202,Huntington Park,8.617,0,8.617
533203,Huntington Park,25.369,0,25.369
533300,Maywood,1,0,1
533401,Maywood,0,0,0
533402,Maywood,3,0,3
533403,Maywood,7.731,0,7.731
533501,Huntington Park,32.014,0,32.014
533502,Huntington Park,1,0,1
533503,Huntington Park,0,0,0
533601,Bell,0,0,0
533602,Bell,9.86,0,9.86
533603,Bell,1,0,1
533701,Maywood,2,0,2
533702,Maywood,1,0,1
533703,Maywood,11.955,0,11.955
533803,Bell,13,0,13
533804,Bell,1,0,1
533805,Bell,3,0,3
533806,Bell,22.756,0,22.756
533901,Bell Gardens,3,0,3
533902,Bell Gardens,24.508,0,24.508
534001,Bell Gardens,24.613,0,24.613
534002,Bell Gardens,18.536,0,18.536
534101,Bell Gardens,12.45,0,12.45
534102,Bell Gardens,2.701,0,2.701
534201,Bell Gardens,33.472,0,33.472
534202,Bell Gardens,0,0,0
534203,Bell Gardens,39.532,0,39.532
534301,Cudahy,3.039,0,3.039
534302,Cudahy,0,0,0
534403,Cudahy,1,0,1
534404,Cudahy,2,0,2
534405,Cudahy,17.143,0,17.143
534406,Cudahy,47.51,0,47.51
534501,Huntington Park,2,0,2
534502,Huntington Park,0,0,0
534700,South Gate,2.86,0,2.86
534802,Walnut Park,1,0,1
534803,Walnut Park,13.733,0,13.733
534804,South Gate,2,0,2
534900,Florence-Graham,33.039,0,33.039
535001,Florence-Graham,25.251,0,25.251
535002,Florence-Graham,30.068,0,30.068
535101,Florence-Graham,50.697,0,50.697
535102,Florence-Graham,27.494,0,27.494
535200,Florence-Graham,83.61,0,83.61
535300,Florence-Graham,80.624,0,80.624
535400,Florence-Graham,224.23,0,224.23
535501,South Gate,6.139,0,6.139
535502,South Gate,1,0,1
535503,South Gate,1.338,0,1.338
535603,South Gate,64.498,0,64.498
535604,South Gate,0,0,0
535605,South Gate,7.676,0,7.676
535606,South Gate,0,0,0
535607,South Gate,2,0,2
535701,South Gate,4.676,0,4.676
535702,South Gate,11.945,0,11.945
535802,South Gate,14.645,0,14.645
535803,South Gate,7.703,0,7.703
535804,South Gate,6.703,0,6.703
535901,South Gate,45.423,0,45.423
535902,South Gate,4.731,0,4.731
536000,South Gate,33.891,0,33.891
536102,South Gate,64.873,0,64.873
536103,South Gate,11.799,0,11.799
536104,South Gate,58.052,0,58.052
536200,South Gate,10.174,0,10.174
540000,Lynwood,8,0,8
540101,Lynwood,0,0,0
540102,Lynwood,8.055,0,8.055
540201,Lynwood,3,0,3
540202,Lynwood,8,0,8
540203,Lynwood,3.121,0,3.121
540300,Lynwood,57.311,0,57.311
540400,Unincorporated Lynwood,38.024,0,38.024
540501,Lynwood,11.254,0,11.254
540502,Lynwood,12.128,0,12.128
540600,Willowbrook,29.689,0,29.689
540700,Willowbrook,73.069,0,73.069
540800,Willowbrook,0,0,0
540901,Willowbrook,15.75,0,15.75
540902,Willowbrook,321.08,0,321.08
541001,West Compton,225.23,0,225.23
541002,Carson,33.074,0,33.074
541100,West Compton,20.171,0,20.171
541200,Compton,58.244,0,58.244
541300,Compton,45.979,0,45.979
541400,Willowbrook,16.928,0,16.928
541500,Willowbrook,25.949,0,25.949
541603,Compton,40.569,0,40.569
541604,Compton,1.392,0,1.392
541605,Compton,39.65,0,39.65
541606,Compton,8.802,0,8.802
541700,Lynwood,1.277,0,1.277
541801,Lynwood,1.844,0,1.844
541802,Lynwood,0,0,0
542000,Compton,4.434,0,4.434
542103,Unincorporated Compton,4.735,31,35.735
542104,Unincorporated Compton,2,0,2
542105,Compton,10.159,0,10.159
542106,Compton,25.257,0,25.257
542200,Compton,26.912,0,26.912
542401,Compton,17.822,0,17.822
542402,Compton,10.683,0,10.683
542501,Compton,16.375,0,16.375
542502,Compton,13.67,0,13.67
542601,Compton,38.122,0,38.122
542602,Compton,11.965,0,11.965
542700,Compton,0,2,2
542800,Compton,0,0,0
542900,Compton,1.844,0,1.844
543000,Compton,28.594,0,28.594
543100,Compton,6.688,0,6.688
543201,Compton,5.646,0,5.646
543202,Compton,55.588,0,55.588
543304,Carson,12.014,0,12.014
543305,Unincorporated Compton,202.13,0,202.13
543306,Carson,39.35,0,39.35
543321,Carson,2.002,0,2.002
543322,Carson,3,0,3
543400,Carson,46.992,0,46.992
543501,Carson,65.39,0,65.39
543502,West Carson,0,0,0
543503,West Carson,31.392,0,31.392
543601,Carson,1,0,1
543602,West Carson,18.395,0,18.395
543603,West Carson,45.403,0,45.403
543604,Carson,41.03,0,41.03
543701,Carson,1.689,0,1.689
543702,Carson,5.985,0,5.985
543703,Carson,1.689,0,1.689
543801,Carson,1,0,1
543802,Carson,5,0,5
543903,Carson,13.054,0,13.054
543905,Carson,10.709,0,10.709
544001,Carson,5.941,0,5.941
544002,Carson,1.351,0,1.351
550000,Norwalk,0,0,0
550100,Norwalk,4.338,0,4.338
550201,Norwalk,0,0,0
550202,Norwalk,13.628,0,13.628
550300,Norwalk,40.399,4,44.399
550400,Downey,9.86,0,9.86
550500,Downey,10.371,0,10.371
550601,Downey,3,0,3
550602,Downey,1.365,0,1.365
550700,Downey,24.279,0,24.279
550800,Downey,12.74,0,12.74
550901,Downey,0,0,0
550902,Downey,5.068,0,5.068
551000,Downey,13.685,0,13.685
551101,Downey,3.04,0,3.04
551102,Downey,5.039,0,5.039
551201,Downey,3.561,0,3.561
551202,Downey,2.338,0,2.338
551300,Downey,3.701,26,29.701
551401,Downey,2.338,0,2.338
551402,Downey,3.225,0,3.225
551501,Downey,0,0,0
551502,Downey,2.338,0,2.338
551600,Downey,1.338,0,1.338
551700,Downey,4,0,4
551800,Downey,26.357,0,26.357
551900,Norwalk,26.116,0,26.116
552001,Norwalk,6.264,0,6.264
552002,Norwalk,28.45,0,28.45
552100,Norwalk,2.701,0,2.701
552200,Norwalk,112.41,0,112.41
552301,Norwalk,11.88,0,11.88
552302,Norwalk,1,0,1
552400,Norwalk,11.664,0,11.664
552601,Norwalk,0,0,0
552602,Norwalk,10.716,0,10.716
552700,Norwalk,41.753,0,41.753
552800,Norwalk,3.338,0,3.338
552900,Norwalk,0,0,0
553000,Norwalk,6.701,0,6.701
553100,Bellflower,9.469,12,21.469
553200,Bellflower,22.18,0,22.18
553300,Bellflower,2.701,0,2.701
553400,Downey,15.676,0,15.676
553502,Paramount,5.76,0,5.76
553503,Paramount,2.368,0,2.368
553504,Paramount,4.392,0,4.392
553601,Paramount,19.228,0,19.228
553602,Paramount,7.152,0,7.152
553701,Paramount,12,0,12
553702,Paramount,8.217,0,8.217
553801,Paramount,9.434,0,9.434
553802,Paramount,29.089,0,29.089
553901,Paramount,3,0,3
553902,Paramount,4.368,0,4.368
554001,Bellflower,10.351,0,10.351
554002,Bellflower,2.701,0,2.701
554101,Bellflower,4.338,0,4.338
554103,Bellflower,0,0,0
554104,Bellflower,7.899,0,7.899
554105,Bellflower,3.676,0,3.676
554201,Bellflower,5.096,0,5.096
554203,Bellflower,3,0,3
554204,Bellflower,7,0,7
554301,Bellflower,1,0,1
554302,Bellflower,12.823,0,12.823
554403,Bellflower,21.59,0,21.59
554404,Bellflower,17.08,0,17.08
554405,Bellflower,3.86,0,3.86
554406,Bellflower,6.054,0,6.054
554511,Cerritos,3.403,0,3.403
554512,Cerritos,16.167,0,16.167
554513,Cerritos,0,0,0
554514,Cerritos,2.109,0,2.109
554515,Cerritos,0,0,0
554516,Cerritos,2,0,2
554517,Cerritos,1.338,0,1.338
554518,Cerritos,5.561,0,5.561
554519,Cerritos,2.86,0,2.86
554521,Cerritos,16.018,0,16.018
554522,Cerritos,3,0,3
554600,Norwalk,3.403,0,3.403
554700,Norwalk,7.403,0,7.403
554801,Artesia,19.562,0,19.562
554802,Artesia,0,0,0
554900,Artesia,4.198,0,4.198
555001,Lakewood,2.365,0,2.365
555002,Lakewood,12.973,0,12.973
555102,Lakewood,47.937,0,47.937
555103,Lakewood,6.805,0,6.805
555104,Lakewood,33.594,0,33.594
555211,Hawaiian Gardens,24.77,0,24.77
555212,Hawaiian Gardens,16.536,0,16.536
570001,Lakewood,0,0,0
570002,Lakewood,0,0,0
570003,Lakewood,4.563,0,4.563
570701,Lakewood,1.86,0,1.86
570702,Lakewood,3,0,3
570800,Lakewood,93.72,0,93.72
570901,Lakewood,0,0,0
570902,Lakewood,1,0,1
571000,Lakewood,5.085,0,5.085
571101,Lakewood,2.338,0,2.338
571102,Lakewood,5.563,0,5.563
571300,Lakewood,10.225,0,10.225
571400,Lakewood,26.988,0,26.988
571503,Lakewood,0,0,0
573401,Signal Hill,18.958,0,18.958
573402,Signal Hill,27.365,0,27.365
573403,Signal Hill,7.198,0,7.198
573700,Unincorporated Long Beach Island,0,0,0
599000,Avalon,30.769,3,33.769
599100,Unincorporated Channel Islands,0,0,0
600100,Westmont / West Athens,9.002,0,9.002
600201,Westmont / West Athens,2.002,0,2.002
600202,Westmont / West Athens,6.005,0,6.005
600302,Westmont / West Athens,17.019,0,17.019
600303,Westmont / West Athens,19.985,0,19.985
600304,Westmont / West Athens,17.944,0,17.944
600400,Westmont / West Athens,0,0,0
600501,Inglewood,33.957,0,33.957
600502,Inglewood,4,0,4
600601,Inglewood,2,0,2
600602,Inglewood,15.961,0,15.961
600702,Inglewood,14.12,0,14.12
600703,Inglewood,0,0,0
600704,Inglewood,12.65,27,39.65
600801,Inglewood,1,4,5
600802,Inglewood,0,0,0
600902,Inglewood,12.361,0,12.361
600911,Inglewood,0,0,0
600912,Inglewood,17.588,0,17.588
601001,Inglewood,7.98,0,7.98
601002,Inglewood,17.024,0,17.024
601100,Inglewood,16.093,0,16.093
601202,Inglewood,3.351,0,3.351
601211,Inglewood,8.197,0,8.197
601212,Inglewood,1,0,1
601301,Inglewood,5.38,0,5.38
601302,Inglewood,47.342,6,53.342
601303,Inglewood,9.444,0,9.444
601401,Inglewood,11.922,187,198.92
601402,Inglewood,4.702,0,4.702
601501,Lennox,69.149,0,69.149
601502,Lennox,7.005,0,7.005
601600,Lennox,30.819,0,30.819
601700,Lennox,78.406,0,78.406
601801,Inglewood,13.053,0,13.053
601802,Lennox,5.351,0,5.351
601900,Inglewood,0,0,0
602002,Hawthorne,3.961,0,3.961
602003,Inglewood,5.351,0,5.351
602004,Inglewood,2,0,2
602103,Hawthorne,15.61,0,15.61
602104,Hawthorne,3.98,0,3.98
602105,Hawthorne,1,0,1
602106,Hawthorne,1.689,0,1.689
602200,Del Aire,14.882,0,14.882
602301,Del Aire,22.388,0,22.388
602302,Hawthorne,1,0,1
602402,Hawthorne,9.984,5,14.984
602403,Hawthorne,7.002,0,7.002
602404,Hawthorne,7,0,7
602504,Hawthorne,0,0,0
602505,Hawthorne,7.98,0,7.98
602506,Hawthorne,1,0,1
602507,Hawthorne,0,0,0
602508,Hawthorne,1.689,4,5.689
602509,Hawthorne,6.98,0,6.98
602600,Gardena,11.725,0,11.725
602700,Hawthorne,13.88,0,13.88
602801,Westmont / West Athens,15,0,15
602802,Westmont / West Athens,18.721,21,39.721
602900,Gardena,7.674,0,7.674
603001,Gardena,5.689,0,5.689
603004,Gardena,2,0,2
603005,Gardena,0,0,0
603006,Gardena,7.391,0,7.391
603101,Gardena,9.683,0,9.683
603102,Gardena,10,0,10
603200,Gardena,0,0,0
603301,Gardena,5.983,0,5.983
603302,Gardena,1,0,1
603400,Gardena,11.109,0,11.109
603500,Gardena,2.002,0,2.002
603600,Gardena,1,0,1
603702,Alondra Park,90.621,0,90.621
603703,Hawthorne,0,0,0
603704,Alondra Park,11.94,0,11.94
603801,Lawndale,17.28,0,17.28
603802,Lawndale,1.98,0,1.98
603900,Lawndale,8,0,8
604001,Lawndale,0,0,0
604002,Lawndale,2,0,2
604100,Lawndale,4,0,4
609900,Unincorporated La Rambla,2.002,0,2.002
620001,El Segundo,0,0,0
620002,El Segundo,0,0,0
620101,El Segundo,0,0,0
620102,El Segundo,0,0,0
620201,Manhattan Beach,1,0,1
620301,Manhattan Beach,2,0,2
620303,Manhattan Beach,2,0,2
620305,Manhattan Beach,9.292,0,9.292
620400,Manhattan Beach,1,0,1
620501,Redondo Beach,18.03,0,18.03
620521,Redondo Beach,12.358,0,12.358
620522,Redondo Beach,7.98,0,7.98
620601,Redondo Beach,32.471,0,32.471
620602,Redondo Beach,0,0,0
620701,Redondo Beach,4.691,0,4.691
620702,Redondo Beach,8,0,8
620800,Manhattan Beach,5.38,0,5.38
620901,Manhattan Beach,0,0,0
620904,Manhattan Beach,1,0,1
621001,Hermosa Beach,3,0,3
621002,Hermosa Beach,2,0,2
621004,Hermosa Beach,3,0,3
621102,Hermosa Beach,0,0,0
621104,Hermosa Beach,17.425,0,17.425
621201,Redondo Beach,1,0,1
621204,Redondo Beach,49.231,0,49.231
621301,Redondo Beach,5.672,0,5.672
621324,Redondo Beach,14.672,0,14.672
621326,Redondo Beach,7.674,0,7.674
621400,Redondo Beach,11.758,0,11.758
650001,Torrance,6.756,0,6.756
650003,Torrance,7.292,0,7.292
650004,Torrance,3.378,0,3.378
650101,Torrance,1.98,0,1.98
650102,Torrance,0,0,0
650200,Torrance,1.351,0,1.351
650300,Torrance,6.02,0,6.02
650401,Torrance,53.326,14,67.326
650501,Torrance,4.983,0,4.983
650502,Torrance,2.689,0,2.689
650602,Torrance,0,0,0
650603,Torrance,1.98,0,1.98
650604,Torrance,0,0,0
650605,Torrance,0,0,0
650701,Torrance,1,0,1
650702,Torrance,1.689,0,1.689
650800,Torrance,1.98,0,1.98
650901,Torrance,11.951,0,11.951
650902,Torrance,2.689,22,24.689
651001,Torrance,0,10,10
651002,Torrance,0,0,0
651101,Torrance,26.627,0,26.627
651102,Torrance,1.689,0,1.689
651201,Torrance,0,0,0
651221,Torrance,1.98,0,1.98
651222,Torrance,3.351,0,3.351
651302,Torrance,1,0,1
651304,Torrance,9.756,0,9.756
651401,Torrance,0,0,0
651402,Torrance,0,0,0
670001,Lomita,1,0,1
670002,Lomita,0,0,0
670003,Lomita,8.444,15,23.444
670100,Lomita,2,0,2
670201,Rolling Hills Estates,0,0,0
670202,Rolling Hills Estates,0,0,0
670324,Palos Verdes Estates,0,0,0
670326,Palos Verdes Estates,0,0,0
670328,Palos Verdes Estates,0,0,0
670403,Rolling Hills Estates,0,0,0
670405,Rancho Palos Verdes,0,0,0
670406,Rolling Hills Estates,0,0,0
670407,Rancho Palos Verdes,0,0,0
670411,Rancho Palos Verdes,1.689,0,1.689
670413,Rancho Palos Verdes,0,0,0
670416,Rancho Palos Verdes,0,0,0
670500,Rolling Hills,0,0,0
670602,Rancho Palos Verdes,0,0,0
670701,Rancho Palos Verdes,0,0,0
670702,Rancho Palos Verdes,0,0,0
700101,West Hollywood,25.514,0,25.514
700102,West Hollywood,18.873,0,18.873
700200,West Hollywood,26.455,0,26.455
700300,West Hollywood,20,0,20
700400,West Hollywood,30,0,30
700501,West Hollywood,6,0,6
700502,West Hollywood,17.662,0,17.662
700600,Beverly Hills,4.891,0,4.891
700700,Beverly Hills,3,0,3
700801,Beverly Hills,2,0,2
700802,Beverly Hills,1,0,1
700901,Beverly Hills,5,0,5
700902,Beverly Hills,4.789,0,4.789
701000,Beverly Hills,1,0,1
701100,US Department of Veterans Affairs West LA Campus,68.041,361,429.04
701201,Santa Monica,1,0,1
701202,Santa Monica,0,0,0
701302,Santa Monica,15.314,0,15.314
701304,Santa Monica,28.274,0,28.274
701402,Santa Monica,103.46,0,103.46
701501,Santa Monica,16.557,65,81.557
701502,Santa Monica,74.982,0,74.982
701601,Santa Monica,10.379,0,10.379
701602,Santa Monica,11.612,0,11.612
701701,Santa Monica,16.2,0,16.2
701702,Santa Monica,34.242,64,98.242
701801,Santa Monica,31.014,59,90.014
701802,Santa Monica,46.102,0,46.102
701902,Santa Monica,360.5,62,422.5
702002,Santa Monica,82.338,0,82.338
702102,Santa Monica,37.811,0,37.811
702201,Santa Monica,9,0,9
702202,Santa Monica,12.58,0,12.58
702300,Santa Monica,23.512,0,23.512
702400,Culver City,56.985,0,56.985
702501,Culver City,4.2,0,4.2
702502,Culver City,4.789,0,4.789
702600,Culver City,51.167,0,51.167
702700,Culver City,15.644,0,15.644
702801,Culver City,14.319,0,14.319
702802,Culver City,0,0,0
702803,Culver City,14.245,43,57.25
702901,Marina Del Rey,25.98,0,25.98
703001,Culver City,41.106,0,41.106
703002,Ladera Heights,0,0,0
703100,View Park-Windsor Hills,4,0,4
703200,View Park-Windsor Hills,0,0,0
800101,Calabasas,0,0,0
800102,Topanga,11.419,0,11.419
800202,Unincorporated Calabasas,0,0,0
800203,Calabasas and Hidden Hills,1,0,1
800204,Calabasas and Hidden Hills,0,0,0
800324,Agoura Hills,4.729,0,4.729
800325,Westlake Village,1.425,0,1.425
800326,Unincorporated Westlake Village,0,0,0
800327,Unincorporated Agoura Hills,0,0,0
800328,Unincorporated Agoura Hills,4,0,4
800329,Malibu Lake,0,0,0
800330,Malibu Lake,0,0,0
800331,Agoura Hills,0,0,0
800332,Agoura Hills,0,0,0
800406,Malibu,27.191,0,27.191
800408,Malibu,26.971,0,26.971
800410,Malibu,40.894,0,40.894
800504,Malibu,67.482,0,67.482
800506,Malibu,41.969,0,41.969
900102,Unincorporated Antelope Valley,308.71,0,308.71
900103,Unincorporated Antelope Valley,22.472,0,22.472
900104,Unincorporated Antelope Valley,2,0,2
900201,Unincorporated Antelope Valley,89.89,0,89.89
900300,Unincorporated Antelope Valley,147.49,0,147.49
900501,Lancaster,29.159,0,29.159
900504,Lancaster,72.545,0,72.545
900505,Lancaster,17.275,0,17.275
900506,Lancaster,4.105,0,4.105
900507,Lancaster,6.339,6,12.339
900508,Lancaster,18.224,0,18.224
900602,Lancaster,49.268,0,49.268
900605,Lancaster,41.542,0,41.542
900606,Lancaster,30.678,9,39.678
900607,Lancaster,40.506,0,40.506
900608,Lancaster,5.2,0,5.2
900609,Lancaster,3.135,0,3.135
900701,Lancaster,13.304,6,19.304
900703,Lancaster,80.454,4,84.454
900704,Lancaster,24.309,1,25.309
900705,Lancaster,37.964,0,37.964
900803,Lancaster,22.201,0,22.201
900804,Lancaster,22.49,0,22.49
900805,Lancaster,75.068,0,75.068
900806,Lancaster,95.951,0,95.951
900900,Unincorporated Antelope Valley,124.41,0,124.41
901003,Lancaster,3.2,93,96.2
901004,Lancaster,4.556,0,4.556
901007,Lancaster,0,0,0
901008,Lancaster,47.175,0,47.175
901009,Lancaster,0,0,0
901010,Lancaster,2.085,0,2.085
901011,Lancaster,0,0,0
901101,Lancaster,6.2,0,6.2
901102,Unincorporated Lancaster,0,0,0
901205,Lancaster,0,0,0
901209,Unincorporated Antelope Valley,6.061,0,6.061
901210,Unincorporated Antelope Valley,3.037,0,3.037
901213,Unincorporated Palmdale,0,0,0
910001,Unincorporated Antelope Valley,101.27,0,101.27
910002,Unincorporated Antelope Valley,157.52,0,157.52
910101,Unincorporated Palmdale,14.852,0,14.852
910201,Palmdale,3.2,0,3.2
910202,Unincorporated Palmdale,34.257,0,34.257
910205,Unincorporated Antelope Valley,21.819,0,21.819
910206,Palmdale,0,0,0
910207,Palmdale,0,0,0
910208,Palmdale,8.35,0,8.35
910209,Palmdale,0,0,0
910210,Palmdale,0,0,0
910301,Unincorporated Palmdale,15.149,0,15.149
910302,Palmdale,0,0,0
910401,Palmdale,1,0,1
910402,Palmdale,8.66,0,8.66
910403,Palmdale,5.823,0,5.823
910404,Palmdale,1.519,0,1.519
910501,Palmdale,24.353,46,70.353
910502,Palmdale,18.481,0,18.481
910504,Palmdale,2,0,2
910505,Palmdale,6.649,0,6.649
910601,Palmdale,29.424,0,29.424
910602,Palmdale,11.933,0,11.933
910603,Palmdale,9.105,0,9.105
910605,Palmdale,10.075,0,10.075
910606,Palmdale,9.112,0,9.112
910705,Palmdale,1.085,0,1.085
910706,Palmdale,5.641,0,5.641
910707,Palmdale,10.037,0,10.037
910709,Unincorporated Palmdale,0,0,0
910711,Palmdale,2.575,0,2.575
910712,Palmdale,15.82,0,15.82
910713,Palmdale,3.603,0,3.603
910714,Palmdale,1.519,0,1.519
910715,Palmdale,3,0,3
910716,Palmdale,1.519,0,1.519
910804,Unincorporated Antelope Valley,0,0,0
910805,Unincorporated Antelope Valley,0,0,0
910807,Santa Clarita,0,0,0
910808,Canyon Country,0,0,0
910809,Santa Clarita,1,0,1
910810,Canyon Country,0,0,0
910811,Unincorporated Antelope Valley,3.603,0,3.603
910812,Unincorporated Antelope Valley,4.339,0,4.339
910813,Unincorporated Antelope Valley,56.366,0,56.366
911001,Unincorporated Antelope Valley,60.565,0,60.565
920011,Agua Dulce,0,0,0
920012,Unincorporated Antelope Valley,0,0,0
920013,Santa Clarita,2.523,0,2.523
920015,Santa Clarita,0,0,0
920016,Santa Clarita,0,0,0
920017,Santa Clarita,0,0,0
920018,Santa Clarita,0,0,0
920020,Santa Clarita,0,0,0
920023,Santa Clarita,0,0,0
920026,Canyon Country,0,0,0
920028,Santa Clarita,0,0,0
920029,Santa Clarita,0,0,0
920030,Santa Clarita,1.425,0,1.425
920031,Santa Clarita,0,0,0
920032,Unincorporated Santa Clarita,4.523,0,4.523
920033,Canyon Country,0,0,0
920034,Unincorporated Santa Clarita,0,0,0
920035,Santa Clarita,12.066,0,12.066
920036,Santa Clarita,0,0,0
920037,Santa Clarita,6.435,0,6.435
920038,Santa Clarita,1.694,0,1.694
920039,Santa Clarita,3.153,0,3.153
920040,Santa Clarita,3.27,0,3.27
920041,Santa Clarita,3.218,0,3.218
920042,Santa Clarita,11.043,0,11.043
920043,Santa Clarita,7.813,0,7.813
920044,Santa Clarita,0,0,0
920045,Santa Clarita,0,0,0
920102,Castaic-Val Verde,4.388,0,4.388
920104,Castaic-Val Verde,0,0,0
920106,Castaic-Val Verde,69.481,0,69.481
920107,Santa Clarita,8.202,0,8.202
920108,Santa Clarita,1.694,0,1.694
920109,Santa Clarita,0,0,0
920110,Santa Clarita,1.694,0,1.694
920111,Santa Clarita,4.964,0,4.964
920112,Santa Clarita,8.353,0,8.353
920114,Santa Clarita,3.388,0,3.388
920115,Santa Clarita,8.239,0,8.239
920116,Castaic-Val Verde,12.688,0,12.688
920118,Castaic-Val Verde,1.694,0,1.694
920119,Castaic-Val Verde,0,0,0
920200,Castaic-Val Verde,0,0,0
920303,Santa Susana Mountains,0,0,0
920312,Santa Clarita,32.296,0,32.296
920313,Santa Clarita,7.34,0,7.34
920314,Santa Clarita,23.119,59,82.119
920322,Santa Clarita,1.425,8,9.425
920326,Stevenson Ranch,6.766,0,6.766
920328,Santa Clarita,0,0,0
920329,Santa Clarita,1.425,0,1.425
920330,Santa Clarita,7.701,0,7.701
920331,Santa Clarita,2.694,0,2.694
920332,Santa Clarita,0,0,0
920334,Santa Clarita,0,0,0
920336,Santa Clarita,11.919,0,11.919
920337,Santa Clarita,1.694,0,1.694
920338,Stevenson Ranch,0,0,0
920339,Stevenson Ranch,0,0,0
930101,Angeles National Forest,0,0,0
930200,Angeles National Forest,27.085,0,27.085
930301,Angeles National Forest,5.247,0,5.247
930401,Woodland Hills-Warner Center NC,11.052,0,11.052
980001,Burbank,9.811,0,9.811
980002,Carson,1,0,1
980003,Unincorporated Antelope Valley,1,0,1
980004,Unincorporated Palmdale,0,0,0
980005,Torrance,25.478,0,25.478
980008,Lake Balboa NC,8.606,60,68.606
980009,Los Feliz NC,50.744,0,50.744
980010,Greater Echo Park Elysian NC,40.812,0,40.812
980013,El Segundo,13.683,0,13.683
980014,Wilmington NC,185.18,0,185.18
980015,Northwest San Pedro NC,44.227,0,44.227
980019,Pacific Palisades Community Council,1.789,0,1.789
980020,Foothill Trails District NC,1.694,0,1.694
980021,Pacoima NC,73.249,0,73.249
980022,Granada Hills North NC,3.27,0,3.27
980023,Chatsworth NC,0,0,0
980024,Lake Balboa NC,104.94,0,104.94
980025,Carson,32.028,0,32.028
980026,Sunland-Tujunga NC,0,0,0
980028,Westchester/Playa NC,130.4,0,130.4
980030,El Segundo,4.961,0,4.961
980031,Wilmington NC,5,0,5